Mouse,Time,Tumor Volume,Age (Months),LI,Ghrelin
1,1,2.36,29,25.6,162
1,2,2.48,29,27.4,154.4
1,3,2.48,29,28.4,166.9
1,4,2.82,29,26.6,172.9
2,1,1.99,31,27.9,158.6
2,2,2.25,31,28.9,162.6
2,3,2.27,31,28.5,161.7
2,4,2.91,31,28.5,173.7
3,1,0.28,28,28.1,166.3
3,2,1.52,28,28.7,152.8
3,3,2.54,28,29.1,156.7
3,4,2.71,28,28,161
4,1,1.59,24,27.5,167.7
4,2,3.69,24,27.8,165.3
4,3,3.7,24,28.6,153.1
4,4,3.74,24,29.7,168.2
5,1,1.13,30,26.1,168.1
5,2,4.32,30,25.9,166.7
5,3,4.31,30,27.1,146
5,4,4.68,30,27.8,168.6
6,1,1.42,26,27.6,193.2
6,2,3.37,26,28.9,154.2
6,3,5.38,26,28.5,174.8
6,4,6.07,26,29,171.8
7,1,0.57,26,29.2,160
7,2,0.74,26,28.8,172.5
7,3,1.74,26,28.9,148.7
7,4,2.67,26,26.6,169.8
8,1,0.32,29,27.1,172.1
8,2,0.62,29,27.2,178.7
8,3,2.63,29,28.5,164.4
8,4,3.1,29,27.8,173.5
9,1,1.82,28,27.7,159.4
9,2,2.44,28,28.2,161.8
9,3,2.44,28,27.2,148.8
9,4,3.17,28,29,168.4
10,1,2.52,26,28,162.8
10,2,2.9,26,27.8,177.1
10,3,2.9,26,29,159.1
10,4,3.22,26,27,153
11,1,0.45,26,28.2,161.3
11,2,0.95,26,27,180.6
11,3,1.92,26,29,168.4
11,4,2.55,26,27.6,166.1
12,1,2.56,27,28.4,164.3
12,2,2.98,27,28.6,181.1
12,3,2.97,27,28.7,168.8
12,4,3.93,27,29.5,167.6
13,1,0.75,26,28.6,152.7
13,2,1.79,26,25.9,156.8
13,3,3.79,26,27.9,169
13,4,4.65,26,26.6,155.6
14,1,2.29,28,29.1,170.5
14,2,2.82,28,28.4,156.5
14,3,6.81,28,27.5,167.5
14,4,7.09,28,28.6,176
15,1,0.52,26,30,148.6
15,2,0.87,26,26.5,169.6
15,3,1.88,26,28.4,192
15,4,2.37,26,29.2,157.9
16,1,2.86,24,26.6,171.9
16,2,3.23,24,27.6,162.6
16,3,4.23,24,27.7,178.9
16,4,4.45,24,27.9,178.5
17,1,0.56,28,28.7,161.5
17,2,1.01,28,27.5,163.6
17,3,3.02,28,26.2,160.8
17,4,3.5,28,29,182.7
18,1,0.01,30,28.2,156.9
18,2,0.39,30,28.5,166.9
18,3,1.39,30,30.8,151.5
18,4,2.06,30,28,173.1
19,1,1.43,26,28.5,169.4
19,2,1.53,26,26.1,180.4
19,3,1.52,26,27.2,164.9
19,4,1.67,26,27.3,161.9
20,1,1.16,24,28.6,168.2
20,2,1.18,24,28,180.5
20,3,3.18,24,27.1,173.8
20,4,4.17,24,27.6,169.9
21,1,2.89,26,28,178.2
21,2,3.76,26,26.4,169
21,3,3.75,26,29.1,162.9
21,4,4.67,26,29.1,180.3
22,1,1.96,26,27.3,170.6
22,2,2.89,26,29.1,165.3
22,3,3.89,26,26.6,165.8
22,4,3.99,26,27.9,143.3
23,1,1.65,28,26.2,156
23,2,1.77,28,28.4,187.1
23,3,2.76,28,27.1,186.2
23,4,2.98,28,28.2,147.3
24,1,0.53,29,27,171.1
24,2,0.55,29,29.7,164.9
24,3,3.54,29,28.4,165.5
24,4,3.72,29,29.1,171.2
25,1,2.15,28,26.5,170.9
25,2,2.48,28,27.1,174.8
25,3,3.49,28,26.7,162.6
25,4,3.85,28,29.2,186.7
26,1,1.92,35,29.9,152.8
26,2,2.39,35,29.2,168.1
26,3,2.38,35,29.4,165.4
26,4,3.22,35,27.2,175.1
27,1,1.52,30,27.4,167.8
27,2,1.59,30,28.4,168.4
27,3,1.58,30,27,170.4
27,4,2.33,30,28.2,144.2
28,1,2.62,30,27.9,176.8
28,2,3.02,30,27.5,178.5
28,3,3.03,30,27,174
28,4,3.94,30,29.9,163.6
29,1,0.13,30,28.8,164.2
29,2,1.26,30,28.8,165.2
29,3,2.26,30,26.8,184.6
29,4,2.47,30,29.4,161.6
30,1,1.06,26,29.4,169.4
30,2,1.28,26,27.3,151.5
30,3,1.27,26,27.5,182.7
30,4,1.82,26,27.7,168.9
31,1,1.01,26,29.1,172.2
31,2,1.05,26,28.9,163.3
31,3,2.05,26,27.1,171.1
31,4,2.25,26,27.1,177.2
32,1,0.92,30,26.1,169.7
32,2,1.32,30,29.1,159.8
32,3,4.34,30,27.2,158.2
32,4,4.69,30,27.2,153.2
33,1,2.75,30,29.5,168.7
33,2,3.3,30,28.1,159.7
33,3,3.31,30,27.8,161.4
33,4,4.05,30,28.7,174.4
34,1,1.35,26,25.9,176.9
34,2,2.75,26,27.8,168.3
34,3,2.76,26,29.5,166.4
34,4,2.98,26,27.2,161.4
35,1,1.29,28,28.1,177.7
35,2,2.22,28,27,151.7
35,3,4.23,28,26.8,152.6
35,4,4.35,28,27,167.5
36,1,1.66,26,28,169.1
36,2,5.81,26,27.5,171.4
36,3,6.81,26,28.4,158.4
36,4,6.97,26,27.6,175.5
37,1,0.46,25,29.6,154.7
37,2,0.8,25,29.2,163
37,3,3.8,25,29.8,178.7
37,4,4.21,25,29.2,183.5
38,1,0.69,26,27.1,166.8
38,2,1.29,26,28.1,173.6
38,3,2.29,26,28.6,157
38,4,2.6,26,27.9,174.5
39,1,0.63,28,25.9,167.5
39,2,0.65,28,28.9,179.9
39,3,1.66,28,27.6,166.2
39,4,2.52,28,27.1,148.3
40,1,2.05,28,29.1,156.5
40,2,2.13,28,27.4,169.6
40,3,3.12,28,27.3,167.8
40,4,3.98,28,26.2,155.7
41,1,1.09,29,28.7,168.4
41,2,1.94,29,27.5,175.7
41,3,2.95,29,28,186.5
41,4,3.27,29,28.8,163.5
42,1,0.19,30,29.6,162.2
42,2,0.47,30,27.8,163.4
42,3,0.48,30,27.9,170.6
42,4,1.27,30,27.1,171.1
43,1,2.21,26,27,160.2
43,2,4.09,26,27.9,166.5
43,3,5.1,26,26.5,170.1
43,4,5.13,26,27.9,158.8
44,1,1.91,28,30.2,164.7
44,2,2.68,28,29.6,158.3
44,3,2.66,28,28.3,153.5
44,4,3.01,28,29.8,154.5
45,1,1.54,29,27.4,185.5
45,2,1.71,29,28.3,178.7
45,3,1.71,29,30.5,168.8
45,4,1.74,29,30.1,164.6
46,1,0.44,29,27.8,183.3
46,2,1.19,29,27.8,176.8
46,3,2.19,29,27.7,181.5
46,4,2.31,29,27,177.6
47,1,0.08,26,27.2,171.5
47,2,1.85,26,29.4,167
47,3,2.86,26,27.7,161.3
47,4,3.04,26,29.9,174.7
48,1,1.31,31,27.1,177.5
48,2,1.98,31,26.8,162.6
48,3,1.97,31,29.4,162.9
48,4,2.96,31,29.9,154.9
49,1,0.63,27,27.3,159.4
49,2,0.79,27,29.4,170
49,3,0.78,27,28.8,170.8
49,4,0.85,27,27.4,183.1
50,1,0.26,26,28.7,172.3
50,2,0.99,26,28.1,167.9
50,3,3.98,26,26.3,169.9
50,4,4.51,26,29.1,157.2
51,1,0.55,25,29.7,175.7
51,2,1.82,25,27.6,173.8
51,3,2.83,25,26.5,149.7
51,4,3.22,25,29.2,164.2
52,1,0.54,26,28,159.9
52,2,1.22,26,28.6,165.7
52,3,2.21,26,28,168.1
52,4,3.12,26,28.7,165.6
53,1,1.19,28,28.3,176.1
53,2,1.99,28,28.2,160.2
53,3,3,28,27.7,164.7
53,4,3.17,28,28,174.5
54,1,0.14,28,27,165.1
54,2,0.26,28,27.8,145.9
54,3,3.25,28,28.6,159.3
54,4,3.44,28,27.2,150.2
55,1,0.32,26,28.6,166.1
55,2,1.13,26,26.8,161.5
55,3,3.13,26,27.3,162.4
55,4,3.44,26,28,161.8
56,1,2.51,26,30.1,151.3
56,2,3.23,26,28.2,158.5
56,3,4.24,26,27.1,150
56,4,5.15,26,29.5,173.3
57,1,0.43,29,26.7,180.1
57,2,0.55,29,28.8,166.6
57,3,0.56,29,28,151.4
57,4,1.32,29,28,171.6
58,1,2.47,30,27.3,174.9
58,2,3.19,30,26.3,161.2
58,3,6.17,30,28,157.9
58,4,6.53,30,29,158.2
59,1,1.55,30,27.9,186.5
59,2,1.67,30,28.1,147.1
59,3,2.67,30,29.8,160.4
59,4,3.07,30,27,169.9
60,1,0.5,26,27,170.4
60,2,2.56,26,27.6,157.3
60,3,3.56,26,29.1,187.5
60,4,4.26,26,28,157.2
61,1,1.13,26,29.2,158.5
61,2,1.26,26,26.7,173.7
61,3,1.26,26,28.5,166.1
61,4,1.59,26,27,173.6
62,1,0.07,30,28.5,166
62,2,0.42,30,26.9,167.6
62,3,1.42,30,26.1,171.4
62,4,1.91,30,26.1,171.2
63,1,2.67,27,28.5,167.6
63,2,4.77,27,27.2,155.8
63,3,5.79,27,28.6,172.4
63,4,6.72,27,27.2,165.4
64,1,1.29,28,27.2,172.3
64,2,2.49,28,26.8,175.6
64,3,3.48,28,27.5,162.9
64,4,3.64,28,30,172.5
65,1,0.79,31,27.9,160.3
65,2,1.91,31,27.4,168.8
65,3,1.91,31,28.8,148.4
65,4,2.28,31,26.9,177.1
66,1,2.29,30,28.6,160
66,2,3.52,30,28.6,153.1
66,3,4.53,30,28,162.9
66,4,5.2,30,27.1,187.3
67,1,0.27,27,27.8,185.3
67,2,0.99,27,27.4,167.8
67,3,0.97,27,25.9,168.1
67,4,1.25,27,28.6,173.9
68,1,0.06,24,28.5,183.3
68,2,1.08,24,27.4,169.4
68,3,1.11,24,28.3,152.6
68,4,2.04,24,28,173.7
69,1,0.1,29,27,175.1
69,2,0.34,29,28.6,161.9
69,3,2.35,29,29.8,164.3
69,4,2.52,29,27.2,159.5
70,1,2.57,27,27.3,164.2
70,2,2.96,27,28.5,162.2
70,3,4.95,27,27.4,160.7
70,4,5.27,27,27,176
71,1,0.69,24,28.5,171
71,2,0.86,24,26.6,177.1
71,3,0.86,24,28.6,158.2
71,4,1.12,24,28.4,164.6
72,1,0.36,26,27.2,177.6
72,2,1.74,26,27.9,184.3
72,3,1.74,26,28.1,183.3
72,4,1.92,26,28,154.3
73,1,0.54,30,29,186.9
73,2,0.76,30,28.5,163.6
73,3,2.75,30,28.1,156
73,4,3.27,30,28.7,161.5
74,1,2.47,28,27.2,161.5
74,2,4.05,28,27.9,148.7
74,3,4.04,28,28.9,151.8
74,4,4.5,28,27.3,164.6
75,1,1.82,29,28.8,163.4
75,2,3.11,29,27.7,167.2
75,3,6.11,29,27.7,163.3
75,4,6.44,29,27,161.7
76,1,2.17,28,30.2,172.8
76,2,2.71,28,28.2,156
76,3,5.69,28,27.8,167
76,4,6.14,28,29.7,165.3
77,1,2.42,28,26.9,176.8
77,2,2.89,28,27.9,161
77,3,2.88,28,27.9,148.9
77,4,2.9,28,28,155.6
78,1,0.97,28,27.6,157.8
78,2,3.39,28,28.7,156.9
78,3,5.38,28,30.2,166.6
78,4,6.06,28,27.7,179.4
79,1,0.1,30,29.6,139.9
79,2,0.46,30,26.9,168
79,3,3.48,30,28.5,166.7
79,4,3.71,30,28.5,163.7
80,1,0.43,30,27.9,160.5
80,2,2.08,30,25.9,165.4
80,3,2.07,30,28.9,154.6
80,4,2.14,30,28.2,179.8
81,1,0.53,28,28.5,162
81,2,1.78,28,26.3,173.4
81,3,1.78,28,26.3,180.4
81,4,2.08,28,27.5,152
82,1,2.87,29,29.2,172.6
82,2,3.5,29,28.9,175.5
82,3,4.51,29,28.9,172.4
82,4,4.76,29,28.2,167.6
83,1,2.96,32,28.2,182.6
83,2,5.2,32,28.8,161.9
83,3,5.2,32,28.5,148.3
83,4,5.75,32,27.5,187.7
84,1,2.38,27,26.3,171.1
84,2,4.03,27,29.1,159.5
84,3,4.04,27,26.8,175.1
84,4,4.21,27,28.1,161.3
85,1,0.24,26,28,172.3
85,2,0.41,26,27.8,165.8
85,3,1.42,26,28.9,176.7
85,4,2.32,26,28.7,175.1
86,1,0.6,28,29.1,161.3
86,2,1.76,28,30,159.2
86,3,2.76,28,27.4,176.4
86,4,3.01,28,29.1,164.8
87,1,0.61,26,27.9,175.4
87,2,1.94,26,27.4,172.7
87,3,2.95,26,28.4,170.5
87,4,3.63,26,28.4,173.4
88,1,0.79,28,28.3,157.9
88,2,3.05,28,27.7,162.4
88,3,5.05,28,28.5,162.4
88,4,5.1,28,28.6,152.1
89,1,2.99,30,29.6,156.4
89,2,3.01,30,27.4,173.5
89,3,4,30,28.8,161.9
89,4,4.96,30,28,167.5
90,1,1.41,25,29.2,182.2
90,2,1.78,25,27.7,159.1
90,3,1.79,25,27.5,159.1
90,4,1.84,25,28,171.8
91,1,0.45,28,28.4,162.8
91,2,1.32,28,29.5,163.7
91,3,3.31,28,28.7,159.7
91,4,4.15,28,27.2,165.5
92,1,0.68,28,29.8,154.7
92,2,1.35,28,27.6,157.8
92,3,3.37,28,24.4,159.4
92,4,3.46,28,29.2,173.4
93,1,2.49,28,28.3,159.8
93,2,2.74,28,27.3,174
93,3,2.74,28,27.3,153.4
93,4,3.15,28,26.4,180.5
94,1,2.44,26,26.5,148
94,2,5.21,26,27.1,181.3
94,3,7.21,26,28,186.9
94,4,7.82,26,28,176.4
95,1,0.56,26,26.9,173.9
95,2,0.59,26,30.3,180.8
95,3,0.61,26,28.4,162.7
95,4,1.16,26,28,156.5
96,1,2.2,28,27.1,173.2
96,2,2.31,28,28.8,175.5
96,3,2.31,28,28.7,180.8
96,4,2.42,28,29,166.9
97,1,1.19,28,29.1,154.3
97,2,1.3,28,25.9,183.8
97,3,1.29,28,24.9,159.5
97,4,1.93,28,28.8,160.4
98,1,1.65,27,27.6,165
98,2,1.74,27,27.5,178.8
98,3,1.74,27,29.2,183.2
98,4,2.18,27,27.6,149.4
99,1,1.5,31,28.2,167.3
99,2,1.8,31,28.5,153.8
99,3,2.81,31,28.9,174.4
99,4,2.84,31,27.4,162.9
100,1,2.8,32,29.2,164.3
100,2,3.4,32,25,166.1
100,3,3.39,32,27.2,164.3
100,4,4.05,32,27.7,179
101,1,1.39,28,28.3,159.9
101,2,1.68,28,28.5,164.7
101,3,2.68,28,27.5,166
101,4,3.02,28,28.6,167.2
102,1,2.81,26,27.4,171.8
102,2,3.1,26,29.6,170.8
102,3,4.11,26,28.4,166.1
102,4,4.19,26,26.7,162.8
103,1,0.93,30,28.4,169.1
103,2,1.63,30,27.5,165.9
103,3,3.61,30,27.7,166.8
103,4,4.21,30,28.1,168.6
104,1,2.89,30,27.3,152.5
104,2,4.28,30,27.8,165.3
104,3,5.28,30,29.9,158.1
104,4,5.48,30,29.7,163.5
105,1,2.63,28,29.9,171.8
105,2,3.19,28,28.8,161.6
105,3,4.18,28,28.6,158.3
105,4,4.86,28,28.3,163
106,1,0.98,28,28,142.2
106,2,1.16,28,27.4,154.6
106,3,4.16,28,27.7,168.9
106,4,4.48,28,27.4,156.2
107,1,0.53,24,29.1,164.3
107,2,1.12,24,28.1,168.4
107,3,2.12,24,28.3,172.1
107,4,2.37,24,28,160.8
108,1,2.07,30,27.8,153.2
108,2,2.52,30,28.3,159.2
108,3,3.52,30,26.7,157.2
108,4,4.28,30,30,175.6
109,1,1.46,26,28.2,172.4
109,2,1.91,26,28.2,167.2
109,3,2.9,26,28.2,167.2
109,4,3.05,26,28.3,171.7
110,1,2.21,30,28.3,170
110,2,3.1,30,28,177.8
110,3,4.11,30,28.3,173.1
110,4,4.23,30,27,162.8
111,1,2.96,30,27.3,161.2
111,2,4.42,30,26.1,169.2
111,3,8.42,30,26.3,155.5
111,4,8.88,30,28.8,173.2
112,1,0.26,30,27.3,159
112,2,4.84,30,27.2,161
112,3,7.82,30,26.7,181.4
112,4,8.65,30,27.6,168.1
113,1,2.89,27,28.7,182.5
113,2,3.37,27,30.3,158.7
113,3,4.36,27,27.6,182.6
113,4,4.58,27,28.2,171.9
114,1,1.48,28,28.8,169.9
114,2,3.21,28,28.1,169.8
114,3,4.21,28,28.3,165.8
114,4,4.52,28,28,170.7
115,1,2.6,28,28,185.9
115,2,2.79,28,27.4,161.8
115,3,3.81,28,27.7,170.7
115,4,4.23,28,26.5,152.7
116,1,1.53,23,27.4,167.4
116,2,3.32,23,27.1,178.7
116,3,3.31,23,28.7,173
116,4,3.49,23,27.9,161.8
117,1,2.57,30,28.3,162.1
117,2,2.75,30,27.6,171.4
117,3,2.76,30,29.2,149.2
117,4,3.27,30,27.9,180.6
118,1,1.82,28,27.3,151.9
118,2,3.55,28,27.4,166.5
118,3,4.58,28,26.9,165.1
118,4,5.55,28,26.9,169.5
119,1,0.94,23,26.6,166.2
119,2,1.54,23,28,166.9
119,3,1.55,23,27,169.2
119,4,1.61,23,28,165.5
120,1,2.95,26,26.8,153
120,2,3.8,26,27.5,165
120,3,4.79,26,29.5,169.2
120,4,5.05,26,27.7,162.5
121,1,1.06,26,28.2,170.1
121,2,1.17,26,28.2,157.7
121,3,2.16,26,29.9,152.1
121,4,2.82,26,29.4,177.6
122,1,0.66,24,29.1,169.8
122,2,1.55,24,26.4,171.6
122,3,1.53,24,28.5,168.5
122,4,1.95,24,27.4,183.6
123,1,1.17,28,27.1,183.6
123,2,5.02,28,26.7,171.3
123,3,5.02,28,28.3,165.5
123,4,5.44,28,27.2,161.1
124,1,2.3,26,28.4,163.4
124,2,3.14,26,28.6,168.8
124,3,3.14,26,25.9,165.4
124,4,4.01,26,27.3,147.1
125,1,3,28,27.8,167.6
125,2,3.3,28,28.4,173.3
125,3,3.3,28,28.1,162.6
125,4,3.42,28,27.7,159
126,1,1.96,26,28,173.4
126,2,5.07,26,28.9,170.4
126,3,5.07,26,30.3,165.6
126,4,5.31,26,28.5,147
127,1,0.45,31,27.7,159.8
127,2,2.21,31,28.4,166.6
127,3,4.21,31,28.2,170.7
127,4,5.12,31,28.6,159.3
128,1,2.83,28,29.6,170.8
128,2,3.73,28,28.1,166.3
128,3,5.73,28,29.4,161.5
128,4,6.33,28,27.7,150.6
129,1,0.47,28,26.9,182.5
129,2,1.35,28,28.9,171.7
129,3,3.35,28,27.6,164.7
129,4,3.63,28,25.7,162.4
130,1,1.88,28,26.7,176.5
130,2,2.03,28,29.3,178.9
130,3,2.04,28,29.1,151.1
130,4,2.85,28,28,162.1
131,1,2.3,30,30.2,162.3
131,2,3.13,30,26.6,168.3
131,3,3.15,30,28.3,170.7
131,4,3.17,30,26.9,173
132,1,1.41,30,28.4,146.5
132,2,2.17,30,29,157.2
132,3,3.19,30,28.2,170
132,4,3.85,30,26.8,173.4
133,1,1.36,31,26.6,157
133,2,4.14,31,27,181.8
133,3,4.14,31,29.9,170.4
133,4,5.05,31,27.7,170.2
134,1,1.24,27,28.4,170.7
134,2,1.48,27,26.8,174.2
134,3,2.46,27,28.4,154.6
134,4,2.74,27,28.1,185.4
135,1,1.71,26,28.2,162.9
135,2,2.48,26,28,167.6
135,3,3.5,26,28.9,162.8
135,4,4.35,26,26.3,159.1
136,1,1.63,25,28.8,166.4
136,2,1.76,25,27.6,180.9
136,3,2.76,25,27.2,179.4
136,4,3.76,25,28.4,171.5
137,1,2.39,28,27.7,151
137,2,4.05,28,28.2,145.1
137,3,5.04,28,28.6,166.7
137,4,5.42,28,29.2,152.6
138,1,1.83,28,27,172.1
138,2,2.15,28,28.7,163.9
138,3,4.15,28,28.7,166.8
138,4,4.51,28,27,162.1
139,1,0.75,31,26.6,169.6
139,2,1.55,31,27.7,150.7
139,3,4.53,31,28.1,161.2
139,4,5.19,31,27.9,154.6
140,1,0.44,30,29.3,152.2
140,2,0.76,30,27.6,165.7
140,3,0.75,30,27.6,173.4
140,4,1.66,30,29.1,158.3
141,1,0.78,28,29.5,169.1
141,2,2.46,28,28.8,163.3
141,3,4.45,28,27.5,170.2
141,4,4.75,28,28.2,155.2
142,1,0.76,24,27.7,164.3
142,2,2,24,28.4,163
142,3,3.01,24,28.1,185.7
142,4,3.04,24,29,171
143,1,1.36,26,26.3,173.5
143,2,3.92,26,28.3,170.8
143,3,4.93,26,27.4,175
143,4,5.72,26,28.9,170.8
144,1,0.02,31,29.1,174.3
144,2,0.97,31,25.6,173.7
144,3,1.97,31,27.7,172.6
144,4,2.3,31,27.9,155
145,1,2.43,26,28.8,150.8
145,2,3.94,26,27.9,168.6
145,3,4.95,26,28.2,164.2
145,4,5.1,26,27.1,174.6
146,1,0.24,29,29.1,176.6
146,2,1.92,29,27.7,186.3
146,3,1.92,29,28.7,177.4
146,4,2.79,29,28.7,152.1
147,1,2.75,27,28.7,160.9
147,2,5.48,27,30.7,184.8
147,3,6.47,27,30.4,166.9
147,4,7.07,27,30.6,169.5
148,1,1.45,26,29.2,180
148,2,5.26,26,28.3,164.2
148,3,5.26,26,27.2,173.3
148,4,5.39,26,28,167.9
149,1,2.79,26,26.9,149.2
149,2,3.92,26,26.6,161.9
149,3,5.91,26,27.4,167.7
149,4,6.48,26,28,132.9
150,1,1.29,28,26.1,155.5
150,2,2.03,28,27.3,179.6
150,3,4.04,28,27.8,167.5
150,4,4.88,28,26.6,150.8
151,1,2.64,27,27,165
151,2,3.43,27,28.2,165.4
151,3,6.44,27,27.4,174.1
151,4,6.75,27,27.9,154.1
152,1,2.75,28,28,160.6
152,2,2.77,28,27.7,146.1
152,3,3.77,28,29.5,160.9
152,4,4.24,28,28.7,179.1
153,1,1.42,26,28.2,160
153,2,1.62,26,29.1,175.5
153,3,2.62,26,27.5,155
153,4,3.47,26,29.5,168.1
154,1,2.89,26,26.7,175.3
154,2,3.12,26,27.6,174.4
154,3,4.11,26,27.2,159.1
154,4,4.59,26,26.9,156
155,1,0.76,27,28.4,163.7
155,2,1.58,27,28.4,162.7
155,3,2.57,27,26.6,170.3
155,4,3.06,27,28.6,165.5
156,1,2.74,27,26.4,172.3
156,2,3.89,27,27.6,166.3
156,3,3.89,27,26.9,160.1
156,4,3.89,27,29,155.1
157,1,0.09,26,28.6,172.8
157,2,0.09,26,27.1,169.5
157,3,3.09,26,29.7,171.9
157,4,4.08,26,26.7,176.5
158,1,2.84,28,28.6,169.8
158,2,3.78,28,27.5,188.4
158,3,4.76,28,28.6,165.7
158,4,5.34,28,28.5,175.7
159,1,2.23,28,27.6,166.1
159,2,2.25,28,30.1,148.1
159,3,2.25,28,28,165.9
159,4,2.92,28,29.2,165.9
160,1,1.65,30,27.7,160
160,2,4.57,30,28.2,142.4
160,3,5.56,30,28.1,164.3
160,4,6.16,30,26.9,152.2
161,1,2.21,27,28.6,175.8
161,2,5.72,27,28,150.8
161,3,5.73,27,28.9,179.6
161,4,6.54,27,29.6,170.5
162,1,2.96,30,28.1,156.3
162,2,3.56,30,27.6,167
162,3,4.56,30,26.2,184.1
162,4,4.56,30,28.4,171
163,1,1.82,28,29.1,172.9
163,2,6.01,28,27.8,172.6
163,3,6,28,28.6,177.6
163,4,6.5,28,27.4,157.4
164,1,2.68,26,28.3,167.6
164,2,3.65,26,27.6,165.7
164,3,5.65,26,28.2,170.2
164,4,6.3,26,27.7,172
165,1,1.53,27,29.6,176.2
165,2,1.99,27,27.1,182.3
165,3,4.01,27,28,165.7
165,4,4.42,27,28.4,160.2
166,1,0.67,30,29,188.4
166,2,0.97,30,26.7,163.3
166,3,0.96,30,26.8,157.1
166,4,1.41,30,28.6,179.2
167,1,2.06,26,29.5,165.6
167,2,3.53,26,28.6,149.1
167,3,3.53,26,27.7,172.5
167,4,3.63,26,28.3,178.1
168,1,0.02,26,28.1,154.7
168,2,0.38,26,26.3,165.4
168,3,1.37,26,26.3,168.4
168,4,1.55,26,28,157.6
169,1,0.01,26,26.6,157.1
169,2,0.43,26,28.5,161.3
169,3,1.41,26,29.1,172.4
169,4,1.54,26,27.7,162.4
170,1,1.99,29,28.1,173.3
170,2,2.41,29,27.9,184.2
170,3,2.42,29,27.1,151.9
170,4,3.13,29,27.9,174
171,1,0.4,28,28.3,161.5
171,2,0.84,28,27.2,161.3
171,3,2.84,28,28.2,164.8
171,4,3.13,28,29,158.8
172,1,2.04,28,27.2,158.8
172,2,2.26,28,29.1,160.2
172,3,5.23,28,29.4,161.6
172,4,5.57,28,28,156.6
173,1,0.2,28,28.8,177.3
173,2,0.36,28,27.5,162.5
173,3,4.34,28,27.3,153.7
173,4,5.24,28,27,159.3
174,1,1.65,30,29.1,183.3
174,2,2.84,30,27.5,180.9
174,3,5.85,30,28.9,153.5
174,4,6.31,30,28.4,172.8
175,1,0.71,28,27.3,184.3
175,2,1.39,28,27.9,175.2
175,3,1.38,28,27.6,148.4
175,4,2.21,28,26.5,161.5
176,1,1.16,26,27.8,178.9
176,2,3.72,26,28.7,153.7
176,3,3.72,26,27.7,167.5
176,4,4.23,26,26.3,165
177,1,1.16,28,26,156.7
177,2,1.43,28,28.5,159.9
177,3,1.42,28,27.2,168
177,4,1.94,28,26.9,159.3
178,1,1.03,24,26.5,177.4
178,2,1.95,24,29.3,163
178,3,1.96,24,29.3,164.6
178,4,2.33,24,28.6,147.6
179,1,0.79,28,28.9,151.7
179,2,0.97,28,26,172.6
179,3,0.97,28,28.2,165.4
179,4,1.28,28,26.7,170.2
180,1,1.57,28,27.6,187.6
180,2,1.98,28,27.4,172.2
180,3,3.98,28,28.9,161
180,4,4.27,28,28.8,170.8
181,1,0.77,26,27.7,173.8
181,2,0.84,26,29,174.5
181,3,0.85,26,28.5,155.1
181,4,1.75,26,28.3,162.1
182,1,2.57,26,29.1,176.8
182,2,4.06,26,28.6,165
182,3,5.05,26,27.8,181.1
182,4,6.03,26,26.7,186.2
183,1,1.8,28,27.9,146.7
183,2,2.65,28,27.4,167.1
183,3,2.66,28,28.7,153.7
183,4,3.1,28,29.4,167.2
184,1,2.68,27,27.9,152.3
184,2,2.7,27,29.1,169.6
184,3,3.68,27,27.1,156.1
184,4,4.54,27,26.1,149.5
185,1,0.51,26,29,173.6
185,2,1.64,26,28.2,157.1
185,3,1.63,26,27.9,167.8
185,4,1.91,26,27.7,171
186,1,0.72,24,27.7,151.4
186,2,2.77,24,27.3,168.4
186,3,2.77,24,28.7,158.2
186,4,3.31,24,29,178.5
187,1,0.27,30,28.6,173
187,2,1.34,30,27.4,174.7
187,3,1.35,30,27.6,168.9
187,4,2.03,30,28.9,170.4
188,1,0.72,28,26.1,176.4
188,2,1.1,28,30.1,149.9
188,3,2.1,28,27.8,158.7
188,4,2.26,28,27.2,164.5
189,1,2.43,24,27.1,164.8
189,2,3.76,24,28.2,172
189,3,3.76,24,29.2,171.3
189,4,4.18,24,27.8,161.4
190,1,1.95,28,28.6,146.8
190,2,2.37,28,27.3,169
190,3,2.37,28,28.3,158.1
190,4,3.1,28,27.4,176.8
191,1,1.38,26,29.8,184.5
191,2,1.58,26,28.7,186.3
191,3,1.57,26,27.1,173.2
191,4,1.87,26,26,174.9
192,1,1.54,27,27.2,157
192,2,2.07,27,29.3,154.9
192,3,4.07,27,26.8,162.3
192,4,5.07,27,27.4,175.7
193,1,0.22,28,28.8,180.7
193,2,1.94,28,26.7,161
193,3,3.92,28,27.6,178.9
193,4,4.21,28,28.4,165.3
194,1,2.89,30,29.5,165.2
194,2,3.63,30,28,151.7
194,3,3.64,30,27,171.4
194,4,4.19,30,28.3,175.6
195,1,2.56,31,26,176.1
195,2,4.64,31,28.9,158.2
195,3,4.63,31,28.1,155.4
195,4,4.95,31,28,163.7
196,1,2.86,31,28.9,169.5
196,2,2.98,31,27.4,148.8
196,3,2.97,31,26.4,179.4
196,4,3.18,31,28.8,162.8
197,1,0.59,25,27.8,169.6
197,2,1.19,25,26,159.1
197,3,3.19,25,25.6,170.7
197,4,3.28,25,27.2,171.3
198,1,0.11,24,28.1,158.5
198,2,1.06,24,28.9,145.7
198,3,1.05,24,30.2,167.8
198,4,1.87,24,27,181.4
199,1,0.21,27,29,159.7
199,2,0.93,27,29.3,172.4
199,3,1.93,27,27.2,170.1
199,4,2.92,27,27.4,169.5
200,1,1.53,28,26.8,173.8
200,2,2.03,28,29.7,173.6
200,3,2.04,28,27.6,137.5
200,4,2.75,28,25.8,162.1
201,1,2.74,26,28.2,180.4
201,2,3.33,26,29.3,155.3
201,3,5.34,26,27.2,162.8
201,4,6.24,26,28.8,165.8
202,1,0.89,30,28.2,172.6
202,2,1.05,30,28.3,165.3
202,3,5.04,30,29.4,167.9
202,4,6.01,30,28.2,159
203,1,2.74,26,27.9,173.1
203,2,3.11,26,30.2,152.7
203,3,3.11,26,28.2,159.9
203,4,3.62,26,28.4,151.5
204,1,0.37,25,27.4,159
204,2,1.68,25,28.4,159.9
204,3,2.68,25,26.4,165.9
204,4,3.51,25,28.6,167.6
205,1,2.54,30,29.7,161.2
205,2,3.82,30,27.7,169.4
205,3,4.82,30,28.8,167.4
205,4,5.59,30,26.8,144.4
206,1,2.44,29,28.3,172.1
206,2,4.25,29,29.4,154.3
206,3,5.25,29,27.4,172.2
206,4,5.67,29,26.4,160
207,1,0.51,26,28.7,145.1
207,2,0.66,26,28.4,181.3
207,3,1.66,26,28.2,181.9
207,4,1.78,26,27.4,162.3
208,1,0.97,26,28.2,169.4
208,2,1.13,26,28.7,162.3
208,3,1.13,26,28.1,185.2
208,4,1.26,26,27.7,183.3
209,1,2.48,28,28.1,174.3
209,2,2.94,28,27.6,176.1
209,3,4.93,28,26.5,158.7
209,4,5.72,28,27,157.6
210,1,0.26,26,28.5,176
210,2,0.63,26,27.4,174.8
210,3,3.63,26,28.3,171.5
210,4,4.1,26,29.4,148.6
211,1,0.15,26,27.4,172.7
211,2,2.17,26,29.1,176.6
211,3,2.17,26,27.9,182.9
211,4,2.39,26,27.9,152.4
212,1,1.07,30,28.7,170
212,2,4.45,30,28.9,154.9
212,3,5.45,30,27,165.2
212,4,6.11,30,28.8,186.9
213,1,1.72,26,29.9,148.7
213,2,2.31,26,29.4,160.2
213,3,3.31,26,28.7,177.6
213,4,4.25,26,26.4,175.5
214,1,0.49,22,28.5,147.8
214,2,0.67,22,26.2,151.8
214,3,2.68,22,27.2,167
214,4,3.43,22,27.2,176.2
215,1,0.85,30,27.6,154.4
215,2,1.39,30,26.4,166.7
215,3,2.4,30,27.3,174.1
215,4,2.5,30,27.7,165.3
216,1,0.74,26,29.1,155.3
216,2,1.63,26,26.6,171.8
216,3,2.63,26,28.5,165
216,4,2.89,26,29.3,167.2
217,1,1.43,28,29.9,150.4
217,2,2.26,28,28.2,153.5
217,3,2.26,28,28,181.3
217,4,2.36,28,28.2,150.6
218,1,1.2,28,28.3,143.5
218,2,1.33,28,28.2,167.9
218,3,3.34,28,28.9,149.5
218,4,3.98,28,29.6,168.9
219,1,0.57,28,28.6,171.1
219,2,0.62,28,29,155.2
219,3,2.62,28,29.9,167.5
219,4,2.7,28,28.9,174.9
220,1,2.53,28,28.2,159.1
220,2,2.76,28,28.2,176
220,3,3.76,28,28.5,191.2
220,4,4.31,28,26.3,173.5
221,1,2.68,26,28.8,167.5
221,2,4.26,26,26.6,166.3
221,3,7.26,26,28.2,153.3
221,4,7.3,26,27.7,168.5
222,1,2.25,29,28.7,163.6
222,2,4.1,29,30.6,172.7
222,3,6.1,29,28,179
222,4,6.72,29,26.7,160.8
223,1,0.78,22,28.6,169.2
223,2,2.21,22,28.9,162.7
223,3,2.21,22,28.6,161.1
223,4,2.55,22,29.4,158.9
224,1,1.72,26,28.4,175.5
224,2,1.84,26,27.8,152.4
224,3,3.85,26,28.3,184
224,4,4.83,26,27.4,183.7
225,1,1.46,24,28.5,171.1
225,2,2.09,24,29.2,164.7
225,3,2.08,24,27.1,166.3
225,4,2.41,24,27.7,149.8
226,1,1.94,30,28.5,164.1
226,2,2.29,30,29.8,153.7
226,3,4.31,30,27.7,171.6
226,4,4.58,30,29.5,181.5
227,1,1.3,28,27,157.2
227,2,8.47,28,28.3,166.7
227,3,9.48,28,27.5,158.7
227,4,10.34,28,30,179.5
228,1,0.07,26,27.3,168.8
228,2,1.71,26,28.6,171.6
228,3,2.71,26,26.9,172.5
228,4,2.98,26,26.2,156.2
229,1,0.41,27,29.6,155
229,2,0.53,27,26.9,159.3
229,3,0.54,27,27.2,164.1
229,4,0.72,27,30.8,167.9
230,1,1.83,28,28.7,166.3
230,2,2.12,28,26.8,163.9
230,3,2.13,28,27.2,157
230,4,2.93,28,27.1,170.5
231,1,1.78,28,29.2,169.9
231,2,2.13,28,27.8,166.1
231,3,3.12,28,29,164.7
231,4,3.58,28,26.1,171.2
232,1,0.06,23,29.1,164.1
232,2,2.17,23,27.8,159.1
232,3,3.17,23,27.6,139.7
232,4,3.62,23,26.9,160.5
233,1,2.04,23,25.8,168.3
233,2,4.41,23,26.3,164.9
233,3,4.42,23,28.7,177.9
233,4,4.76,23,26.9,185.5
234,1,2.09,26,28.4,162.7
234,2,3.04,26,28,176.7
234,3,3.04,26,27.8,170.4
234,4,3.51,26,27.4,171.2
235,1,2.88,28,27.7,166.9
235,2,3.06,28,27.5,162.3
235,3,6.06,28,25.6,177.4
235,4,6.46,28,27.4,151.8
236,1,1.49,24,28.4,175
236,2,2.48,24,26.6,169.3
236,3,3.49,24,27.9,164.8
236,4,4.09,24,28.9,170.1
237,1,0.16,29,28.5,177
237,2,1.22,29,28.5,169
237,3,2.23,29,28.1,171.5
237,4,2.32,29,28.7,162.6
238,1,1.38,27,29.1,175.4
238,2,2.84,27,28,175.7
238,3,3.83,27,27.5,174.4
238,4,4.51,27,27.8,135.1
239,1,2.37,26,28.6,140.3
239,2,2.5,26,29.7,192.7
239,3,3.51,26,26.1,155.5
239,4,4.25,26,25.9,170.4
240,1,0.36,30,27.1,171.2
240,2,2.52,30,27.8,159.2
240,3,2.52,30,27.6,140.5
240,4,3.51,30,28.9,158.3
241,1,2.9,28,28.5,162.6
241,2,3.2,28,29,171.8
241,3,4.2,28,29.2,174.7
241,4,4.59,28,28.8,173.9
242,1,0.87,28,28.9,169.8
242,2,4.86,28,26.6,172.2
242,3,4.86,28,27.1,158.8
242,4,5.03,28,27.2,150.9
243,1,0.86,26,28.5,144.1
243,2,2.41,26,27.8,160.5
243,3,4.42,26,27.7,162.1
243,4,5.4,26,28.2,172.1
244,1,2.2,30,27.2,182.1
244,2,3,30,29,177.8
244,3,3,30,28,160.8
244,4,3.39,30,27.8,160.5
245,1,2.19,29,29,171.3
245,2,2.57,29,27,168
245,3,4.6,29,28.2,187.1
245,4,4.75,29,27,179.1
246,1,1.59,30,29,176.9
246,2,3.27,30,27.6,156.6
246,3,3.26,30,28.4,159.3
246,4,4.03,30,28.6,170.9
247,1,2.95,28,28.7,180.3
247,2,3.14,28,29.5,176.3
247,3,5.14,28,28.6,165
247,4,5.9,28,25.9,164.3
248,1,2.04,24,27.9,179
248,2,2.75,24,26.6,153.1
248,3,4.77,24,29.1,177.2
248,4,5,24,28.4,181
249,1,1.91,29,27.5,168
249,2,3.25,29,28.6,150.9
249,3,5.25,29,30,165.6
249,4,5.35,29,26.5,156.3
250,1,0.36,26,28.4,169.5
250,2,1.21,26,29.2,161.1
250,3,3.22,26,26.6,177.9
250,4,3.24,26,27.6,168.4
251,1,2.9,28,27.7,187.3
251,2,3.24,28,27.9,154.3
251,3,3.23,28,28.7,175.1
251,4,4.18,28,27.5,172.9
252,1,2.57,26,26.2,153.6
252,2,3.75,26,29,166
252,3,4.74,26,28.2,170.4
252,4,5.1,26,28.5,173.6
253,1,2.9,29,30.8,164.9
253,2,5.72,29,28,166.7
253,3,5.73,29,28.5,190.4
253,4,6.02,29,26.1,164.8
254,1,2.6,30,27.2,159.8
254,2,3.2,30,27.3,148.8
254,3,4.21,30,28.6,162
254,4,4.74,30,28,169.7
255,1,2.17,25,27.1,182.7
255,2,2.27,25,27.6,158.8
255,3,2.28,25,28,166.9
255,4,3.09,25,26.4,172.3
256,1,0.53,28,29.1,172.8
256,2,0.78,28,29.1,167.1
256,3,2.77,28,27.3,178.7
256,4,3.49,28,29.1,165.9
257,1,0.09,28,26.6,167.4
257,2,1.96,28,27.9,159.3
257,3,1.98,28,26.2,164.3
257,4,2.64,28,28.4,160.4
258,1,2.55,30,27.1,154.7
258,2,2.96,30,28.2,158.2
258,3,3.97,30,27,159.3
258,4,4.62,30,29.7,162
259,1,2.87,28,28.4,183.5
259,2,5.8,28,29.1,159
259,3,5.79,28,26.5,155.1
259,4,6.52,28,27.1,172.2
260,1,2.86,25,26.7,170.2
260,2,3.47,25,29.2,154.4
260,3,3.48,25,29.9,163.6
260,4,3.99,25,29.2,150.8
261,1,1.05,24,29.4,177.4
261,2,2.2,24,27.2,177.8
261,3,3.2,24,27.4,154.3
261,4,3.94,24,28.4,166.3
262,1,0.88,31,27,164.7
262,2,2.82,31,28.2,169
262,3,4.81,31,27.9,166.4
262,4,4.93,31,27.5,161.4
263,1,2.84,27,27,153.2
263,2,3.15,27,29.9,179.9
263,3,4.16,27,28.8,152.5
263,4,4.45,27,28.8,175.4
264,1,1.31,30,26.8,162.7
264,2,2.28,30,29.4,177
264,3,2.26,30,29.4,187
264,4,2.9,30,27.3,169.1
265,1,1.25,24,27.5,170.6
265,2,1.67,24,27.7,180.6
265,3,2.67,24,29.1,170
265,4,2.9,24,28.9,164.4
266,1,1.12,30,27.1,162.5
266,2,2.21,30,27.1,152
266,3,2.21,30,26.1,180.3
266,4,2.53,30,29.1,155
267,1,1.37,28,27.2,168.5
267,2,3.2,28,27.2,165.1
267,3,4.22,28,29.5,153.4
267,4,5.07,28,28.1,167.4
268,1,2.33,27,27.8,156.1
268,2,2.82,27,28.7,172.3
268,3,4.81,27,25.9,157.3
268,4,5.53,27,27.8,171.1
269,1,0.65,26,29.5,186.1
269,2,0.81,26,27.2,166.1
269,3,1.8,26,28.1,158.5
269,4,2.49,26,27,168.6
270,1,0.85,29,26.8,168.9
270,2,1.08,29,27,151.8
270,3,3.07,29,28,159.6
270,4,3.43,29,27.5,174.4
271,1,1.82,28,28.4,170.8
271,2,1.82,28,27.6,166.8
271,3,1.83,28,29.6,166
271,4,2.68,28,29.2,182.4
272,1,2.63,30,29.8,149.8
272,2,4.06,30,29.2,179.5
272,3,6.06,30,27.1,172
272,4,6.33,30,28.1,165.9
273,1,2.9,28,28.6,177
273,2,3.82,28,27.9,160.9
273,3,4.8,28,25.9,183.7
273,4,5.58,28,28.9,152.1
274,1,2.27,28,27.6,152.1
274,2,3.34,28,27.1,167.4
274,3,3.35,28,29.1,148.4
274,4,4.26,28,27.4,167.4
275,1,1.07,27,27.3,139.2
275,2,2.4,27,26.2,143.8
275,3,2.4,27,28.7,159.5
275,4,2.61,27,27.5,185.6
276,1,3.01,29,28,143.2
276,2,3.53,29,28.8,175
276,3,3.53,29,29.6,160.9
276,4,4.19,29,27.8,152.7
277,1,2.47,26,27.9,165.6
277,2,2.54,26,27.1,162.7
277,3,2.54,26,27,160.4
277,4,2.63,26,27.9,162.9
278,1,1.63,28,26.5,163.5
278,2,1.89,28,27.9,166.2
278,3,3.9,28,30.2,159.5
278,4,4.12,28,29.6,152.8
279,1,0.41,33,28.3,168.1
279,2,0.45,33,29.8,159.8
279,3,2.46,33,27.4,166.9
279,4,2.75,33,28.3,157.8
280,1,0.83,26,30.5,164
280,2,1.33,26,30.1,168.2
280,3,3.34,26,27.8,174.2
280,4,3.75,26,27.8,169.5
281,1,0.48,30,27.7,161
281,2,1.19,30,27,156.7
281,3,1.19,30,27.2,160.2
281,4,1.97,30,29.4,160
282,1,1.46,28,27.7,177.5
282,2,2.14,28,29.9,174.2
282,3,4.14,28,27.1,154.3
282,4,4.92,28,26.8,160.5
283,1,2.94,28,29.4,186.2
283,2,3.09,28,29.9,174.2
283,3,5.08,28,27.3,162.8
283,4,5.17,28,29.4,155.4
284,1,1.05,26,28.8,184.9
284,2,2.58,26,27.4,162.3
284,3,2.58,26,28.7,162.4
284,4,3.12,26,28.1,171.6
285,1,2.94,26,26.3,149.5
285,2,3.09,26,29.1,161.8
285,3,3.1,26,29.7,178.9
285,4,3.53,26,27.6,164
286,1,1.93,26,26.5,166.1
286,2,3.46,26,29.2,172.2
286,3,5.45,26,28,163
286,4,5.76,26,28.6,165.7
287,1,2.61,28,28,174.3
287,2,4.04,28,28.7,162.3
287,3,4.06,28,28.3,174.1
287,4,4.11,28,28.2,153
288,1,0.94,30,27.7,170.8
288,2,1.85,30,28,169.7
288,3,2.85,30,27,158.7
288,4,2.89,30,27.8,182.1
289,1,0.18,30,28.6,175.8
289,2,1.87,30,27.2,157.6
289,3,2.87,30,28.6,175.2
289,4,3.38,30,26.8,154.9
290,1,1.05,29,27.3,163.7
290,2,2.92,29,28,167.4
290,3,3.92,29,30.1,171.1
290,4,4.74,29,28.2,162.5
291,1,2.64,29,27.1,167.6
291,2,4.41,29,29.5,160.9
291,3,5.41,29,26.7,178.2
291,4,6.01,29,28.8,176.4
292,1,0.47,28,28,173
292,2,0.89,28,28,153.9
292,3,1.87,28,27.3,168
292,4,2.85,28,26.3,158.4
293,1,2,28,28,162.6
293,2,2.74,28,29,158.8
293,3,5.75,28,27.9,175
293,4,6.65,28,28.1,154.2
294,1,2.69,30,29.8,178.8
294,2,2.94,30,27,165.9
294,3,2.95,30,27,152.1
294,4,3.51,30,27.6,164.2
295,1,1.37,28,29.1,160.9
295,2,1.51,28,28,163
295,3,2.51,28,29.2,172.7
295,4,3.19,28,26.7,158.3
296,1,0.13,26,28.5,165
296,2,0.25,26,27,155.3
296,3,0.25,26,28.5,158.3
296,4,0.72,26,26.9,175.9
297,1,0.09,28,26.1,178.1
297,2,1.17,28,26.1,153.5
297,3,1.18,28,28.5,170.6
297,4,1.37,28,27.2,173.7
298,1,2.93,23,28.6,160.1
298,2,3.19,23,27.2,181.5
298,3,4.18,23,27.2,187.1
298,4,4.42,23,26.8,172.6
299,1,1.06,26,27.5,146.7
299,2,1.51,26,30,163.8
299,3,2.49,26,27.9,168.5
299,4,2.9,26,27.4,173.9
300,1,0.36,28,28.8,155.6
300,2,2.85,28,26.9,176.4
300,3,4.86,28,28.6,170.5
300,4,5.3,28,28.6,166.8
301,1,0.74,24,28,167.9
301,2,0.87,24,27.1,164
301,3,2.86,24,27.8,172
301,4,3.31,24,27.4,172.1
302,1,1.9,27,25.9,165.2
302,2,1.91,27,28.6,159.6
302,3,2.9,27,28.5,167.9
302,4,3.04,27,27.4,165.4
303,1,2.94,26,28.3,167.8
303,2,4.36,26,28,171
303,3,4.36,26,27,143.8
303,4,4.52,26,28.6,187.9
304,1,0.74,30,29.8,152.5
304,2,1.2,30,27.2,172.9
304,3,1.19,30,27.3,170.3
304,4,1.71,30,28.5,170.1
305,1,1.81,26,27.4,159.1
305,2,2.94,26,27,152.1
305,3,3.93,26,28.5,172.3
305,4,4.14,26,26.6,166.9
306,1,1.05,25,28.6,159.4
306,2,1.71,25,28.4,164.1
306,3,2.73,25,27.2,162.6
306,4,3.24,25,27.9,151.1
307,1,1.18,28,28.1,158.9
307,2,1.41,28,28,153.2
307,3,2.41,28,29,159.9
307,4,3.14,28,28.5,164
308,1,2.02,28,28.1,175.3
308,2,2.11,28,28.7,174.2
308,3,3.11,28,27.2,174.7
308,4,3.4,28,27.9,189
309,1,1.85,28,28.9,178.1
309,2,2.48,28,27.3,168.5
309,3,4.48,28,28.8,161.6
309,4,5.34,28,27.7,165.3
310,1,0.86,28,27.7,173.2
310,2,5.09,28,27,156.4
310,3,5.07,28,30.2,172.1
310,4,5.55,28,28.2,170.8
311,1,2.46,28,27.8,154.6
311,2,4.82,28,29.7,152.6
311,3,6.83,28,26.9,173.7
311,4,7.38,28,27.9,153.6
312,1,2.75,26,27.9,167.8
312,2,4.45,26,28,174.9
312,3,5.46,26,27.6,149
312,4,6.06,26,28.7,170.8
313,1,1.72,28,30.2,178.1
313,2,2.13,28,27.7,158.2
313,3,4.13,28,29.6,186.3
313,4,4.41,28,26.9,181
314,1,2.53,28,28.5,184.8
314,2,3.22,28,28.5,180.1
314,3,3.24,28,27.9,182.7
314,4,3.44,28,25.9,160.2
315,1,1.02,24,28.9,166.1
315,2,1.29,24,28.2,165
315,3,1.27,24,28.5,150.9
315,4,2.27,24,26.3,166.6
316,1,1.11,28,26.3,156.9
316,2,1.49,28,27.5,168
316,3,2.49,28,29.2,160.1
316,4,3.22,28,28.9,156.3
317,1,2.12,30,28.9,176.1
317,2,3.46,30,28.2,166.8
317,3,3.47,30,28.2,160.4
317,4,4.01,30,28.8,164.1
318,1,0.52,28,28.5,175.8
318,2,0.71,28,27.5,158.3
318,3,2.7,28,26.3,157.5
318,4,3.46,28,29.1,170
319,1,0.56,28,26.8,159.5
319,2,3.66,28,28.1,159.9
319,3,4.66,28,28,161.2
319,4,5.33,28,27.8,166.9
320,1,2.38,30,28.9,174
320,2,2.57,30,28.7,165.2
320,3,2.55,30,29.1,177.8
320,4,2.95,30,30,160.7
321,1,1.17,30,27.4,168.9
321,2,3.18,30,29.1,180.1
321,3,5.17,30,27.9,168.4
321,4,5.19,30,27.4,161.2
322,1,0.1,29,28.4,151.7
322,2,2,29,28.4,188.9
322,3,3,29,28.3,160.7
322,4,3.9,29,27.7,154.1
323,1,0.75,28,28.5,175.6
323,2,2.97,28,28.6,168.9
323,3,4.96,28,29.6,175.4
323,4,5.8,28,27.4,173
324,1,2.38,27,28.8,173.8
324,2,2.51,27,28,191.4
324,3,3.52,27,29.2,175.7
324,4,3.8,27,27.7,174.7
325,1,0.38,28,27.5,168.9
325,2,0.58,28,28,148.5
325,3,2.58,28,28.4,186.5
325,4,3.13,28,29.5,160.1
326,1,2.49,30,28.7,159.3
326,2,4.5,30,27.2,168.9
326,3,6.49,30,29.8,173.6
326,4,7.24,30,27.6,172.6
327,1,0.7,29,24.4,157.7
327,2,0.74,29,29.2,168
327,3,2.73,29,28.3,173.3
327,4,3.41,29,27.3,167.8
328,1,1.22,26,27.3,157.6
328,2,1.98,26,26.4,156.7
328,3,1.97,26,26.5,171.9
328,4,2.9,26,27.1,169.3
329,1,2,27,28,159.7
329,2,2.41,27,28,168.3
329,3,2.42,27,26.9,183.7
329,4,3.03,27,30.3,165.3
330,1,0.73,25,28.4,152.2
330,2,1.66,25,28,184
330,3,1.66,25,27.1,163.3
330,4,2.64,25,28.8,172.6
331,1,2.77,24,28.7,171.2
331,2,2.78,24,29,155.5
331,3,3.76,24,29.1,161.5
331,4,4.74,24,25.9,166.1
332,1,1.24,24,24.9,177.8
332,2,1.28,24,28.8,173.6
332,3,4.28,24,27.6,150.7
332,4,5.14,24,27.5,161
333,1,0.07,28,29.2,173
333,2,2.15,28,27.6,166.3
333,3,4.15,28,28.2,177.1
333,4,4.72,28,28.5,145.4
334,1,1.68,28,28.9,162.3
334,2,1.79,28,27.4,166.1
334,3,1.77,28,29.2,169.7
334,4,2.18,28,25,172
335,1,2.13,27,27.2,173.2
335,2,2.33,27,27.7,165.7
335,3,3.31,27,28.3,153.7
335,4,3.66,27,28.5,149.8
336,1,2.01,28,27.5,171.3
336,2,2.61,28,28.6,151.3
336,3,2.6,28,27.4,188.6
336,4,3.22,28,29.6,170.5
337,1,1.41,25,28.4,163.2
337,2,1.57,25,26.7,172
337,3,4.57,25,28.4,180.5
337,4,5.45,25,27.5,168.4
338,1,0.92,26,27.7,165.7
338,2,1.21,26,28.1,145.7
338,3,1.21,26,27.3,161.5
338,4,1.54,26,27.8,162.1
339,1,0.04,26,29.9,157.5
339,2,3.03,26,29.7,167
339,3,3.04,26,29.9,166.1
339,4,3.35,26,28.8,162.5
340,1,1.66,24,28.6,157.2
340,2,2.07,24,28.3,166.8
340,3,2.07,24,28,156.2
340,4,2.95,24,27.4,161.1
341,1,0.43,28,27.7,174.8
341,2,0.58,28,27.4,166.4
341,3,0.57,28,29.1,173.9
341,4,0.58,28,28.1,167.3
342,1,2.98,24,28.3,172.8
342,2,3.51,24,28,169.5
342,3,3.51,24,27.8,161.6
342,4,4.12,24,28.3,164.9
343,1,2.35,26,26.7,162.5
343,2,3.95,26,30,162.4
343,3,4.95,26,28.2,156.9
343,4,5.22,26,28.2,146.8
344,1,2.95,28,28.2,171.4
344,2,3.67,28,28.3,156.8
344,3,3.67,28,28.3,166.8
344,4,4.22,28,28,171.2
345,1,1.15,27,28.3,179.4
345,2,1.28,27,27,159.8
345,3,2.26,27,27.3,165
345,4,3.12,27,26.1,169.2
346,1,1.81,24,26.3,193.8
346,2,2.7,24,28.8,176.6
346,3,2.69,24,27.3,172.1
346,4,3.5,24,27.2,186.5
347,1,2.21,22,26.7,163.8
347,2,2.31,22,27.6,167.8
347,3,4.31,22,28.7,180.8
347,4,4.92,22,30.3,151.1
348,1,0.67,28,27.6,176.8
348,2,2.09,28,28.2,156.5
348,3,2.1,28,28.8,167
348,4,2.85,28,28.1,194
349,1,1.96,27,28.3,176.9
349,2,3.33,27,28,157.1
349,3,3.32,27,28,172.7
349,4,3.7,27,27.4,180
350,1,0.45,26,27.7,189.6
350,2,0.53,26,26.5,165.6
350,3,1.52,26,27.4,158.7
350,4,2.11,26,27.1,156.9
351,1,1.81,30,28.7,169
351,2,2.89,30,27.9,175
351,3,2.89,30,28.3,168.9
351,4,3.51,30,27.6,159.2
352,1,1.99,26,29.2,171
352,2,2.35,26,27.9,161.7
352,3,2.36,26,27.3,164.2
352,4,3.03,26,27.4,159.6
353,1,0.58,29,26.9,173.7
353,2,0.84,29,26.9,166.3
353,3,1.84,29,26.6,164.9
353,4,2.12,29,28,172.9
354,1,2.34,26,27,181.7
354,2,3.11,26,28,169.8
354,3,3.11,26,26.8,161.6
354,4,3.7,26,27.5,172.1
355,1,2.33,30,29.5,174.1
355,2,2.49,30,27.7,159.5
355,3,3.48,30,28.2,182.4
355,4,3.94,30,28.2,179.9
356,1,0.76,26,29.9,168.6
356,2,2.19,26,29.4,163.8
356,3,2.18,26,29.1,173.8
356,4,3.06,26,26.4,159.6
357,1,0.27,29,28.5,166
357,2,0.28,29,27.4,164
357,3,3.29,29,27.1,163
357,4,3.62,29,26.7,174.2
358,1,1.41,29,28.3,161.4
358,2,2.85,29,27.2,164.3
358,3,3.84,29,28.4,165.9
358,4,4.81,29,28.6,176.6
359,1,1.12,22,25.9,174.4
359,2,2.25,22,27.3,186.3
359,3,2.24,22,27.8,167.7
359,4,2.78,22,28.4,164.3
360,1,2.68,30,28.1,169.7
360,2,3.37,30,27.7,169.8
360,3,3.37,30,28,156.5
360,4,3.46,30,28.9,176.8
361,1,0.38,28,30.3,155.1
361,2,0.79,28,28.5,164.4
361,3,0.79,28,27.7,141.8
361,4,1.42,28,28.4,165.2
362,1,1.26,29,28.2,173.3
362,2,1.31,29,28.6,166.6
362,3,2.32,29,29.6,150.5
362,4,2.41,29,28.1,183.1
363,1,2.57,26,29.4,162.7
363,2,2.78,26,27.7,154.4
363,3,3.78,26,26.9,151
363,4,4.49,26,28.9,163.8
364,1,2.22,25,27.6,165.9
364,2,2.66,25,25.7,166.7
364,3,2.67,25,26.7,163.6
364,4,3.04,25,29.3,176.2
365,1,1.92,28,29.1,164.1
365,2,2.51,28,28,185.5
365,3,4.51,28,30.2,169
365,4,5.32,28,26.6,174.6
366,1,2.44,30,28.3,178.8
366,2,2.48,30,26.9,165.5
366,3,2.47,30,28.4,172.3
366,4,2.99,30,29,175.5
367,1,1.66,28,28.2,160
367,2,2.03,28,26.8,162.4
367,3,3.03,28,26.6,174
367,4,3.13,28,27,168.8
368,1,1.91,28,29.9,163.6
368,2,2.88,28,27.7,174.8
368,3,2.86,28,28.4,181.1
368,4,3.64,28,26.8,155.3
369,1,1.14,28,28.4,163.3
369,2,1.4,28,28.1,165
369,3,2.41,28,28.2,163.4
369,4,3.25,28,28,164.5
370,1,0.45,26,28.9,166.7
370,2,1.03,26,26.3,163
370,3,1.02,26,28.8,154.8
370,4,1.15,26,27.6,162.3
371,1,0.45,29,27.2,171.4
371,2,2.48,29,28.4,176.5
371,3,3.48,29,27.7,162.8
371,4,4.39,29,28.2,167
372,1,0.02,22,28.6,158
372,2,0.59,22,29.2,187
372,3,0.6,22,27,168.1
372,4,1.32,22,28.7,144.9
373,1,1.4,26,28.7,159.4
373,2,1.62,26,27,167.7
373,3,1.62,26,26.6,179.5
373,4,1.97,26,27.7,183.5
374,1,0.9,27,28.1,193.6
374,2,2.45,27,27.9,183.3
374,3,2.43,27,29.3,168.1
374,4,2.69,27,27.6,151.4
375,1,1.85,26,27.6,166.7
375,2,2.16,26,29.1,160.6
375,3,2.16,26,29.5,151.7
375,4,2.8,26,28.8,174.2
376,1,1.79,26,27.5,167.9
376,2,2.95,26,28.2,164.2
376,3,3.96,26,27.7,159.5
376,4,4.44,26,28.4,164
377,1,2.56,29,28.1,150.7
377,2,2.71,29,29,165.9
377,3,3.73,29,26.3,161.1
377,4,4.17,29,28.3,170.8
378,1,1.31,27,27.4,161.2
378,2,1.59,27,28.9,176.8
378,3,1.59,27,29.1,155
378,4,1.68,27,25.6,166.5
379,1,0.49,22,27.7,168
379,2,0.85,22,27.9,163.9
379,3,0.85,22,28.8,164.3
379,4,1.74,22,27.9,181
380,1,2.11,30,28.2,162.3
380,2,4.03,30,27.1,175.3
380,3,5.05,30,29.1,166.8
380,4,5.73,30,27.7,159.8
381,1,1.33,28,28.7,141.5
381,2,1.35,28,28.7,157.7
381,3,2.35,28,28.7,155.1
381,4,3.26,28,30.7,165.5
382,1,2.33,28,30.4,163.9
382,2,3.7,28,30.6,171.1
382,3,5.69,28,29.2,159.7
382,4,5.76,28,28.3,155.2
383,1,2.97,28,27.2,176
383,2,3.49,28,28,164.8
383,3,5.47,28,26.9,150.8
383,4,6.14,28,26.6,181.7
384,1,2.79,27,27.4,178.1
384,2,2.86,27,28,172.8
384,3,2.84,27,26.1,160.2
384,4,2.98,27,27.3,166.4
385,1,2.06,26,27.8,152.2
385,2,2.25,26,26.6,158.5
385,3,2.23,26,27,173
385,4,2.94,26,28.2,165.9
386,1,0.04,30,27.4,179.5
386,2,1.21,30,27.9,177.2
386,3,1.2,30,28,158.4
386,4,1.62,30,27.7,181.1
387,1,1.54,24,29.5,178.1
387,2,3.46,24,28.7,173.6
387,3,7.48,24,28.2,171.3
387,4,8.43,24,29.1,141.2
388,1,1.95,30,27.5,169.3
388,2,3.44,30,29.5,154.2
388,3,4.46,30,26.7,159.7
388,4,5.13,30,27.6,172
389,1,0.48,26,27.2,170.4
389,2,1.28,26,26.9,171.5
389,3,1.31,26,28.4,157.2
389,4,1.44,26,28.4,160.7
390,1,2.92,24,26.6,167.1
390,2,3.03,24,28.6,181.8
390,3,3.05,24,26.4,177.4
390,4,3.67,24,27.6,174
391,1,2.19,30,26.9,167.9
391,2,2.69,30,29,185.6
391,3,4.69,30,28.6,164.3
391,4,4.91,30,27.1,143.3
392,1,0.6,28,29.7,158
392,2,2.6,28,26.7,169.2
392,3,2.61,28,28.6,176.4
392,4,2.82,28,27.5,163.1
393,1,0.75,28,28.6,141.4
393,2,0.84,28,28.5,156.6
393,3,0.85,28,27.6,164.4
393,4,1.01,28,30.1,158.2
394,1,1.71,26,28,148.2
394,2,2.08,26,29.2,151.9
394,3,2.05,26,27.7,172
394,4,2.41,26,28.2,160.1
395,1,0.74,30,28.1,154.9
395,2,0.81,30,26.9,166.6
395,3,2.81,30,28.6,167.4
395,4,3.28,30,28,171.4
396,1,1.69,24,28.9,162
396,2,2.09,24,29.6,166.5
396,3,4.09,24,28.1,155.4
396,4,4.33,24,27.6,194.9
397,1,1.66,26,26.2,163.3
397,2,2.16,26,28.4,176.1
397,3,3.18,26,29.1,165.3
397,4,3.92,26,27.8,162.4
398,1,0.18,26,28.6,165.5
398,2,1.33,26,27.4,173.2
398,3,2.34,26,28.3,173.5
398,4,2.4,26,27.6,167.8
399,1,1.19,26,28.2,169.5
399,2,1.65,26,27.7,169.3
399,3,2.64,26,29.6,155.8
399,4,3,26,27.1,160.6
400,1,1.53,28,28,152.7
400,2,2.4,28,28.4,174.3
400,3,2.39,28,29,173.5
400,4,2.71,28,26.7,179.3
401,1,1.24,28,26.8,175.5
401,2,1.89,28,28.6,167.6
401,3,3.89,28,29.5,172.8
401,4,4.51,28,28.6,167.2
402,1,0.61,30,27.7,187.6
402,2,1.59,30,28.3,162.9
402,3,1.58,30,28.1,175.5
402,4,2.07,30,26.3,157.9
403,1,1.05,29,26.3,169.6
403,2,1.11,29,28,155.3
403,3,1.11,29,26.6,156.3
403,4,1.67,29,28.5,155.2
404,1,1.13,27,29.1,176.1
404,2,1.25,27,27.7,176.6
404,3,2.23,27,28.1,169.6
404,4,2.53,27,27.9,160.6
405,1,1.83,29,27.1,158.4
405,2,2.38,29,27.9,163.1
405,3,3.38,29,28.3,172.7
405,4,3.98,29,27.2,161.1
406,1,0.83,27,28.2,176.6
406,2,0.94,27,29,156.8
406,3,1.95,27,27.2,166.7
406,4,2.09,27,29.1,158.3
407,1,0.81,29,29.4,171.4
407,2,2.11,29,28,170.9
407,3,3.11,29,28.8,168.1
407,4,4.07,29,27.5,173.9
408,1,2.91,24,27.3,172.4
408,2,3.82,24,27,161
408,3,3.84,24,29.1,162.8
408,4,4.81,24,27.5,163.6
409,1,0.3,29,28.9,172.5
409,2,0.37,29,28.4,166.6
409,3,0.37,29,27.3,186.9
409,4,0.66,29,27.9,150.9
410,1,0.09,30,27.6,166.5
410,2,0.91,30,26.5,153.8
410,3,0.92,30,27.8,164.8
410,4,1.68,30,28.7,156.4
411,1,2.8,26,27.7,159.5
411,2,2.99,26,26.3,150.6
411,3,4.98,26,26,174.1
411,4,5.32,26,28.5,186.5
412,1,2.31,25,27.2,178.6
412,2,2.52,25,26.9,168.2
412,3,2.52,25,26.5,165.6
412,4,3.21,25,29.3,161.3
413,1,1.14,26,29.3,159.6
413,2,1.26,26,28.6,169.9
413,3,2.26,26,28.9,160.7
413,4,3.07,26,26,152
414,1,2.54,25,28.2,172.7
414,2,2.68,25,26.7,169
414,3,2.65,25,27.6,165.1
414,4,2.77,25,27.4,161.9
415,1,2.09,26,28.9,173
415,2,3.3,26,28.8,170.2
415,3,4.3,26,27.7,165.3
415,4,4.32,26,29,168.1
416,1,2.62,31,28.5,152.7
416,2,4.16,31,28.3,168.9
416,3,4.16,31,29.1,173.9
416,4,4.81,31,28.6,157.6
417,1,1.52,24,27.8,162.3
417,2,1.55,24,26.7,159.1
417,3,1.55,24,27.9,173.5
417,4,2.51,24,27.4,166.6
418,1,0.2,30,28.7,185
418,2,2.38,30,29.4,167.6
418,3,4.39,30,27.9,161
418,4,4.49,30,29.1,147.6
419,1,1.36,30,27.1,160
419,2,2.08,30,26.1,162.7
419,3,2.07,30,29,152.9
419,4,2.74,30,28.2,143
420,1,0.28,32,27.9,165.5
420,2,1.04,32,27.7,163.3
420,3,2.04,32,27.7,147.3
420,4,2.49,32,27.3,153.4
421,1,2.04,26,28.7,174.4
421,2,3.92,26,29,162.4
421,3,5.92,26,28.6,162
421,4,6.04,26,27.4,185.8
422,1,0.95,26,27.6,165.1
422,2,1.25,26,28.9,175.3
422,3,5.25,26,26.1,172.4
422,4,5.44,26,30.1,152.5
423,1,1.39,26,27.8,156
423,2,1.52,26,27.2,182
423,3,1.53,26,27.1,164.3
423,4,1.55,26,28.2,162.3
424,1,2.99,26,29.2,186
424,2,3.03,26,27.8,159.9
424,3,4.03,26,28.6,170.6
424,4,4.79,26,27.3,147.8
425,1,1.36,27,28.3,167.9
425,2,1.99,27,27.4,175.8
425,3,1.99,27,29.8,144.7
425,4,2.92,27,28.7,159.5
426,1,0.78,29,27.1,171.5
426,2,0.98,29,26,147.7
426,3,2.98,29,27.2,165.5
426,4,3.8,29,29.3,182
427,1,1.24,28,26.8,173.7
427,2,6.02,28,27.4,162.2
427,3,7.03,28,28.8,141.6
427,4,7.58,28,26.7,180.7
428,1,0.84,25,27.6,161
428,2,1.49,25,28.4,184
428,3,3.48,25,29.5,166.3
428,4,4.05,25,28,153.4
429,1,0.04,28,27,177
429,2,2.19,28,28.3,160.1
429,3,5.2,28,26,166.1
429,4,5.43,28,28.9,167.1
430,1,2.82,28,28.1,177.2
430,2,3.33,28,28,154.8
430,3,3.33,28,28.9,183.1
430,4,3.49,28,27.4,144.1
431,1,1.64,26,26.4,165.3
431,2,2.79,26,28.8,157
431,3,4.78,26,27.8,170.9
431,4,5.09,26,26,139
432,1,1.73,28,25.6,155.6
432,2,1.82,28,27.2,167.5
432,3,2.82,28,28.1,154.4
432,4,2.95,28,28.9,163.7
433,1,1.49,29,30.2,155.7
433,2,2.67,29,27,161.7
433,3,2.66,29,29,171
433,4,3.41,29,29.3,162.3
434,1,2.82,24,27.2,174.8
434,2,3.45,24,27.4,171.1
434,3,3.44,24,26.8,165.9
434,4,3.49,24,29.7,162.6
435,1,2.57,30,27.6,176.7
435,2,5.57,30,25.8,170.6
435,3,6.58,30,28.2,183.6
435,4,7.07,30,29.3,179
436,1,2.68,30,27.2,162
436,2,4.38,30,28.8,180.6
436,3,5.38,30,28.2,150.9
436,4,5.75,30,28.3,164
437,1,1.6,30,29.4,161.1
437,2,3,30,28.2,160.4
437,3,4.01,30,27.9,160.9
437,4,4.58,30,30.2,161.9
438,1,2.94,28,28.2,158.5
438,2,3.09,28,28.4,169.6
438,3,4.08,28,27.4,173.5
438,4,4.73,28,28.4,157.9
439,1,1.73,26,26.4,156.2
439,2,3.85,26,28.6,187.1
439,3,3.84,26,29.7,182.6
439,4,4.02,26,27.7,149.5
440,1,1.08,29,28.8,150.6
440,2,2.16,29,26.8,174.5
440,3,5.16,29,28.3,149.1
440,4,6.01,29,29.4,176.8
441,1,1.24,26,27.4,163.5
441,2,1.52,26,26.4,161
441,3,2.51,26,28.7,177.5
441,4,3.04,26,28.4,156.3
442,1,1.47,30,28.2,156.7
442,2,3.7,30,27.4,183.6
442,3,3.69,30,28.2,173.3
442,4,4.3,30,28.7,173.8
443,1,2.46,24,28.1,175.8
443,2,3.03,24,27.7,192.8
443,3,4.04,24,28.1,159.3
443,4,5.03,24,27.6,158.7
444,1,2.65,30,26.5,169.2
444,2,3.49,30,27,167.6
444,3,3.46,30,28.5,175.1
444,4,4.28,30,27.4,175.1
445,1,1.56,28,28.3,159.4
445,2,3.57,28,29.4,162.2
445,3,3.58,28,27.4,159.3
445,4,3.88,28,29.1,173.9
446,1,1.35,29,27.9,155.8
446,2,1.37,29,27.9,170.6
446,3,1.37,29,28.7,172.3
446,4,2.13,29,28.9,150.1
447,1,1.39,26,27,174.3
447,2,2.03,26,28.8,167.6
447,3,2.03,26,29.9,159.4
447,4,2.05,26,29.4,159.7
448,1,0.89,30,28.7,162.3
448,2,1.71,30,26.4,170.8
448,3,2.7,30,28.5,162.1
448,4,3.61,30,26.2,172.1
449,1,0.3,31,27.2,134.7
449,2,0.34,31,27.2,177.3
449,3,0.34,31,27.6,165
449,4,0.94,31,26.4,153.9
450,1,0.13,32,27.3,160.1
450,2,0.21,32,27.7,157.4
450,3,1.21,32,29.1,157.5
450,4,2.08,32,26.6,151.3
451,1,2.18,26,28.5,165.2
451,2,2.25,26,29.3,154.9
451,3,2.26,26,29.9,170.6
451,4,2.5,26,28.2,161.5
452,1,0.34,30,28,161.6
452,2,1.61,30,28.2,154.6
452,3,1.6,30,28.3,155.8
452,4,1.73,30,28.2,164.8
453,1,0.44,25,28.9,170.3
453,2,0.6,25,29.6,164.8
453,3,0.6,25,28.6,171.8
453,4,1.25,25,29,162.3
454,1,2.54,28,29.9,158.7
454,2,3.5,28,28.9,159.4
454,3,3.5,28,28.2,161.8
454,4,3.75,28,28.2,163.9
455,1,0.6,30,28.5,175
455,2,1.94,30,26.3,172.9
455,3,3.93,30,28.8,172.6
455,4,4.91,30,26.6,160.6
456,1,2.79,28,28.2,156.4
456,2,3,28,27.7,171.3
456,3,3,28,28.7,136.7
456,4,3.4,28,30.6,174.6
457,1,2.46,25,28,179.4
457,2,2.64,25,26.7,171.5
457,3,2.65,25,28.6,182.5
457,4,3.32,25,28.9,155.2
458,1,0.97,28,28.6,162.2
458,2,4.05,28,29.4,166.9
458,3,4.05,28,28.4,161.7
458,4,4.79,28,27.8,193.1
459,1,2.1,28,28.3,170.7
459,2,3.7,28,27.4,163.4
459,3,6.69,28,28.5,162.3
459,4,7.22,28,29.2,162.3
460,1,1.46,28,27.1,170.3
460,2,1.64,28,27.7,170.5
460,3,4.64,28,28.5,154.8
460,4,5.33,28,29.8,159.8
461,1,1.37,28,27.7,162.3
461,2,3.27,28,29.5,163.9
461,3,5.27,28,27,194.4
461,4,5.36,28,28.3,177.1
462,1,1.05,28,27.5,156.8
462,2,1.74,28,30,169.3
462,3,3.75,28,27.3,139
462,4,4.73,28,28.6,172.3
463,1,1.42,28,26.9,163.5
463,2,4.47,28,26.2,170.7
463,3,7.46,28,29.6,173
463,4,8.31,28,26.9,173.4
464,1,1.77,28,27.2,154.4
464,2,1.88,28,30.8,176.1
464,3,2.89,28,28.7,161.6
464,4,2.95,28,26.8,156.7
465,1,2.87,27,27.2,149.3
465,2,3.8,27,27.1,178.9
465,3,3.8,27,29.2,170.5
465,4,3.87,27,27.8,163.9
466,1,0.5,30,29,188.6
466,2,0.85,30,26.1,169.6
466,3,0.85,30,29.1,159.7
466,4,0.99,30,27.8,176.5
467,1,0.77,26,27.6,153.7
467,2,1.33,26,26.9,168.6
467,3,2.31,26,25.8,169.5
467,4,2.32,26,26.3,186.2
468,1,1.18,29,28.7,164.5
468,2,1.8,29,26.9,182.5
468,3,1.81,29,28.4,171.1
468,4,2.41,29,28,155.3
469,1,1.6,28,27.8,165.1
469,2,3.28,28,27.4,154.9
469,3,5.3,28,27.7,168.2
469,4,6.09,28,27.5,159.1
470,1,1.04,27,25.6,161.4
470,2,1.11,27,27.4,175.1
470,3,2.12,27,28.4,163.5
470,4,2.73,27,26.6,173.7
471,1,1.22,29,27.9,165.4
471,2,1.38,29,28.9,163.9
471,3,1.38,29,28.5,158.7
471,4,1.75,29,28.5,172.6
472,1,2.44,30,28.1,172.6
472,2,3.19,30,28.7,180.9
472,3,3.19,30,29.1,163.1
472,4,3.64,30,28,173.2
473,1,2.56,30,27.5,164.8
473,2,3.69,30,27.8,165.3
473,3,4.69,30,28.6,175.6
473,4,5.28,30,29.7,162.2
474,1,2.89,26,26.1,181.5
474,2,5.93,26,25.9,158.4
474,3,5.93,26,27.1,158.7
474,4,6.66,26,27.8,188.6
475,1,0.09,29,27.6,183.9
475,2,0.6,29,28.9,163.9
475,3,0.6,29,28.5,195.7
475,4,1.33,29,29,178.5
476,1,1.48,25,29.2,159.1
476,2,3.06,25,28.8,170.9
476,3,4.08,25,28.9,161.9
476,4,4.65,25,26.6,177.1
477,1,0.11,28,27.1,155.1
477,2,0.13,28,27.2,182.5
477,3,0.14,28,28.5,180.1
477,4,0.49,28,27.8,172.5
478,1,2.05,26,27.7,175.5
478,2,2.53,26,28.2,158.5
478,3,3.54,26,27.2,156
478,4,4.06,26,29,165.6
479,1,1.91,30,28,160.6
479,2,2.03,30,27.8,161.5
479,3,4.02,30,29,171.8
479,4,4.21,30,27,175.8
480,1,0.46,30,28.2,181.3
480,2,3.76,30,27,171.2
480,3,4.75,30,29,178.8
480,4,4.78,30,27.6,162.4
481,1,2.84,28,28.4,157.9
481,2,5.51,28,28.6,172.9
481,3,5.52,28,28.7,170.4
481,4,5.53,28,29.5,160.1
482,1,2.17,26,28.6,162.9
482,2,3.16,26,25.9,160.4
482,3,5.16,26,27.9,166.9
482,4,5.71,26,26.6,166.9
483,1,1.51,26,29.1,156.2
483,2,1.52,26,28.4,174.6
483,3,4.52,26,27.5,166.8
483,4,4.71,26,28.6,171.5
484,1,1.57,30,30,156.3
484,2,3.5,30,26.5,160
484,3,5.5,30,28.4,174.7
484,4,5.57,30,29.2,172.8
485,1,2.06,26,26.6,157.6
485,2,2.26,26,27.6,149.1
485,3,2.26,26,27.7,161.5
485,4,2.88,26,27.9,178
486,1,0.41,32,28.7,165.5
486,2,1.97,32,27.5,154
486,3,2.96,32,26.2,156
486,4,3.04,32,29,184.3
487,1,0.49,28,28.2,172.3
487,2,1.11,28,28.5,159.5
487,3,2.12,28,30.8,173.2
487,4,2.29,28,28,178.9
488,1,1.45,31,28.5,172.8
488,2,2.3,31,26.1,173.3
488,3,4.28,31,27.2,175.1
488,4,4.53,31,27.3,147.9
489,1,2.35,28,28.6,174.1
489,2,3.32,28,28,169.9
489,3,3.32,28,27.1,174.8
489,4,3.61,28,27.6,165.1
490,1,2.46,23,28,148
490,2,2.9,23,26.4,174.1
490,3,3.91,23,29.1,160.5
490,4,4.18,23,29.1,165.6
491,1,1.89,30,27.3,161.1
491,2,1.94,30,29.1,170.2
491,3,1.93,30,26.6,151.8
491,4,2.59,30,27.9,165.8
492,1,1.99,27,26.2,172.3
492,2,2.79,27,28.4,173.7
492,3,3.79,27,27.1,170.5
492,4,3.82,27,28.2,167.6
493,1,0.97,26,27,180.5
493,2,0.99,26,29.7,173.1
493,3,1.98,26,28.4,166.3
493,4,2.52,26,29.1,166.5
494,1,1.24,30,26.5,177.1
494,2,2.2,30,27.1,191.5
494,3,3.23,30,26.7,180.9
494,4,4.05,30,29.2,185.2
495,1,1.65,28,29.9,157
495,2,2.72,28,29.2,165.3
495,3,2.72,28,29.4,186.6
495,4,3.09,28,27.2,151.9
496,1,2.65,24,27.4,174.6
496,2,5.21,24,28.4,173.8
496,3,5.2,24,27,172.5
496,4,6.1,24,28.2,148.9
497,1,2.05,28,27.9,171.4
497,2,2.26,28,27.5,157.8
497,3,2.25,28,27,163.6
497,4,2.41,28,29.9,169.6
498,1,1.32,26,28.8,164.3
498,2,1.78,26,28.8,187.6
498,3,5.77,26,26.8,183.8
498,4,6.14,26,29.4,181
499,1,0.7,28,29.4,162
499,2,1.67,28,27.3,151.5
499,3,4.68,28,27.5,168.4
499,4,5.19,28,27.7,177.5
500,1,1.32,25,29.1,167.3
500,2,2.14,25,28.9,171.5
500,3,2.13,25,27.1,159.6
500,4,2.15,25,27.1,169.2
501,1,1.69,29,26.1,178.7
501,2,1.81,29,29.1,164.1
501,3,2.81,29,27.2,152.6
501,4,2.85,29,27.2,175.8
502,1,0.76,26,29.5,167.5
502,2,0.95,26,28.1,163.8
502,3,0.96,26,27.8,154.2
502,4,1.49,26,28.7,166.6
503,1,2.43,26,25.9,164.3
503,2,4.2,26,27.8,145.5
503,3,4.2,26,29.5,175.5
503,4,4.3,26,27.2,165.2
504,1,1.36,30,28.1,177.4
504,2,1.51,30,27,158.3
504,3,2.52,30,26.8,164.2
504,4,2.9,30,27,161.5
505,1,0.22,28,28,161.6
505,2,1.45,28,27.5,169.5
505,3,3.44,28,28.4,186.4
505,4,4.44,28,27.6,168.5
506,1,0.77,28,29.6,151.2
506,2,2.13,28,29.2,172.3
506,3,5.13,28,29.8,158.9
506,4,5.78,28,29.2,177.1
507,1,2.99,27,27.1,164.9
507,2,3.03,27,28.1,168.4
507,3,4.03,27,28.6,180.3
507,4,4.64,27,27.9,182.3
508,1,2.74,27,25.9,163.1
508,2,3.4,27,28.9,170
508,3,4.4,27,27.6,162.3
508,4,5.17,27,27.1,159.1
509,1,0.01,26,29.1,170.7
509,2,0.32,26,27.4,181.1
509,3,1.32,26,27.3,164.8
509,4,1.98,26,26.2,161.4
510,1,1.99,28,28.7,149.1
510,2,2.08,28,27.5,154.4
510,3,3.09,28,28,178.3
510,4,3.27,28,28.8,176.8
511,1,1.35,25,29.6,160.6
511,2,3.22,25,27.8,167.5
511,3,4.23,25,27.9,176.1
511,4,4.31,25,27.1,163.3
512,1,3,26,27,165.4
512,2,3.39,26,27.9,155.1
512,3,3.39,26,26.5,181.3
512,4,3.55,26,27.9,165.7
513,1,2.06,26,30.2,171.2
513,2,3.21,26,29.6,174.6
513,3,4.24,26,28.3,152.4
513,4,4.97,26,29.8,174.1
514,1,0.74,28,27.4,171.8
514,2,1.07,28,28.3,161.7
514,3,1.06,28,30.5,153.1
514,4,1.99,28,30.1,171.7
515,1,2.66,30,27.8,187.3
515,2,4.07,30,27.8,171.3
515,3,5.07,30,27.7,167.4
515,4,5.39,30,27,157.2
516,1,1.72,28,27.2,182.7
516,2,2.91,28,29.4,166.9
516,3,4.91,28,27.7,147.9
516,4,5.61,28,29.9,164.1
517,1,0.72,28,27.1,162.1
517,2,1.16,28,26.8,171.4
517,3,3.15,28,29.4,146.1
517,4,3.32,28,29.9,161.9
518,1,1.38,26,27.3,176.8
518,2,1.53,26,29.4,154.2
518,3,2.52,26,28.8,151.7
518,4,2.93,26,27.4,161.6
519,1,0.58,26,28.7,167.1
519,2,1.61,26,28.1,163.6
519,3,2.6,26,26.3,155.4
519,4,3.28,26,29.1,164.5
520,1,2.64,28,29.7,173.4
520,2,2.71,28,27.6,165.2
520,3,3.72,28,26.5,158.6
520,4,4.68,28,29.2,180.5
521,1,1.86,26,28,167
521,2,3.77,26,28.6,158.7
521,3,5.78,26,28,166.8
521,4,6.47,26,28.7,168.7
522,1,0.05,28,28.3,172.9
522,2,0.86,28,28.2,156.7
522,3,1.88,28,27.7,163.4
522,4,2.56,28,28,165
523,1,2.95,28,27,169.2
523,2,3.55,28,27.8,169.9
523,3,4.54,28,28.6,179.5
523,4,5.3,28,27.2,175.1
524,1,0.06,26,28.6,164.3
524,2,1.67,26,26.8,145.6
524,3,1.66,26,27.3,182.5
524,4,2.51,26,28,181.1
525,1,1.63,26,30.1,170.7
525,2,2.45,26,28.2,163.7
525,3,3.45,26,27.1,145.5
525,4,3.75,26,29.5,162.2
526,1,0.67,29,26.7,184.4
526,2,0.69,29,28.8,156.1
526,3,1.69,29,28,163.6
526,4,2.03,29,28,148.6
527,1,1.1,28,27.3,171.6
527,2,1.99,28,26.3,183.4
527,3,3,28,28,159.5
527,4,3.79,28,29,167.9
528,1,0.62,25,27.9,173.8
528,2,1.53,25,28.1,154.9
528,3,3.53,25,29.8,165.6
528,4,4.08,25,27,172.8
529,1,3.01,28,27,162.4
529,2,4.27,28,27.6,162.8
529,3,6.27,28,29.1,169.5
529,4,6.34,28,28,173.8
530,1,1.88,28,29.2,168.1
530,2,2.17,28,26.7,173.4
530,3,5.16,28,28.5,166.6
530,4,5.41,28,27,176.9
531,1,0.5,28,28.5,179.6
531,2,0.52,28,26.9,153.3
531,3,2.53,28,26.1,163.4
531,4,2.63,28,26.1,139
532,1,1.75,28,28.5,168.5
532,2,2.11,28,27.2,173.2
532,3,3.12,28,28.6,167.3
532,4,3.98,28,27.2,155.7
533,1,2.27,24,27.2,171
533,2,2.93,24,26.8,160.6
533,3,4.93,24,27.5,151.2
533,4,5.61,24,30,181.9
534,1,2.65,31,27.9,175
534,2,3.24,31,27.4,165.4
534,3,4.24,31,28.8,167.5
534,4,4.89,31,26.9,165.4
535,1,1.91,25,28.6,169.5
535,2,2.44,25,28.6,168.4
535,3,5.43,25,28,177.8
535,4,5.53,25,27.1,172.4
536,1,1.34,26,27.8,163.8
536,2,1.37,26,27.4,158.5
536,3,1.37,26,25.9,171.4
536,4,2.15,26,28.6,177.1
537,1,0.54,28,28.5,159.5
537,2,0.78,28,27.4,182.2
537,3,0.79,28,28.3,178.3
537,4,1.56,28,28,170.5
538,1,2.94,29,27,160.2
538,2,3.6,29,28.6,162.1
538,3,4.62,29,29.8,140.7
538,4,5.48,29,27.2,166.4
539,1,0.36,28,27.3,177.9
539,2,0.68,28,28.5,172.5
539,3,1.69,28,27.4,147.2
539,4,1.99,28,27,163.8
540,1,0.86,27,28.5,153.9
540,2,1.78,27,26.6,168.5
540,3,2.77,27,28.6,166.4
540,4,3.29,27,28.4,171.6
541,1,0.04,30,27.2,158.3
541,2,1.71,30,27.9,182.1
541,3,4.71,30,28.1,165.5
541,4,4.81,30,28,159.1
542,1,2.28,30,29,178.2
542,2,4.09,30,28.5,167.2
542,3,4.09,30,28.1,169.8
542,4,4.67,30,28.7,178.9
543,1,1.21,27,27.2,155.5
543,2,1.23,27,27.9,169.8
543,3,2.21,27,28.9,183.9
543,4,2.47,27,27.3,158.8
544,1,2.15,30,28.8,154.5
544,2,2.61,30,27.7,161.2
544,3,3.61,30,27.7,169.2
544,4,4.19,30,27,177.4
545,1,2.26,28,30.2,189.8
545,2,3.69,28,28.2,173.7
545,3,5.7,28,27.8,182
545,4,6.41,28,29.7,160.8
546,1,2.33,26,26.9,177.5
546,2,2.53,26,27.9,189.3
546,3,5.51,26,27.9,170.5
546,4,6.3,26,28,174.7
547,1,0.81,26,27.6,163.2
547,2,2.34,26,28.7,185.8
547,3,2.36,26,30.2,172.9
547,4,3.29,26,27.7,164.5
548,1,1.61,28,29.6,176.2
548,2,1.71,28,26.9,149.3
548,3,2.73,28,28.5,167.9
548,4,3,28,28.5,184.5
549,1,0.29,26,27.9,163.8
549,2,0.58,26,25.9,161.7
549,3,1.58,26,28.9,170.9
549,4,2.56,26,28.2,173
550,1,1.04,27,28.5,161.5
550,2,1.2,27,26.3,180.6
550,3,2.21,27,26.3,175
550,4,2.81,27,27.5,169
551,1,2.43,26,29.2,173.5
551,2,3.48,26,28.9,149.5
551,3,4.49,26,28.9,168.7
551,4,4.67,26,28.2,166.8
552,1,0.35,27,28.2,157.1
552,2,1.61,27,28.8,177.2
552,3,2.59,27,28.5,173.1
552,4,3.41,27,27.5,169.1
553,1,2.48,26,26.3,163.1
553,2,4.08,26,29.1,152.9
553,3,6.07,26,26.8,168
553,4,6.58,26,28.1,169.4
554,1,1.39,28,28,169.5
554,2,3.81,28,27.8,166.2
554,3,3.81,28,28.9,153
554,4,4.43,28,28.7,145.4
555,1,0.07,30,29.1,144.4
555,2,0.1,30,30,169.2
555,3,0.11,30,27.4,171.9
555,4,0.9,30,29.1,158.6
556,1,1.49,28,27.9,172.8
556,2,3.47,28,27.4,166.7
556,3,4.48,28,28.4,185.5
556,4,5.35,28,28.4,169.9
557,1,1.62,24,28.3,147.3
557,2,1.98,24,27.7,193.3
557,3,3.97,24,28.5,169.1
557,4,4.14,24,28.6,157.9
558,1,1.11,30,29.6,165.1
558,2,3.11,30,27.4,160.9
558,3,4.11,30,28.8,164.9
558,4,4.68,30,28,183.3
559,1,0.93,30,29.2,161.5
559,2,2.3,30,27.7,173.9
559,3,2.3,30,27.5,159.4
559,4,2.35,30,28,155.7
560,1,1.07,26,28.4,149.4
560,2,2.16,26,29.5,162.1
560,3,4.16,26,28.7,180.2
560,4,4.39,26,27.2,160.5
561,1,1.69,27,29.8,161.9
561,2,1.74,27,27.6,156.4
561,3,2.75,27,24.4,151.2
561,4,2.89,27,29.2,171.6
562,1,2.29,28,28.3,168.5
562,2,2.99,28,27.3,148.7
562,3,6,28,27.3,165.3
562,4,6.09,28,26.4,167.2
563,1,2.89,27,26.5,156.2
563,2,3.69,27,27.1,154.1
563,3,4.71,27,28,177.5
563,4,5.27,27,28,183
564,1,1.02,28,26.9,159.2
564,2,2.22,28,30.3,164.6
564,3,2.23,28,28.4,177
564,4,2.88,28,28,159.2
565,1,1.48,27,27.1,169
565,2,4.1,27,28.8,159.7
565,3,4.1,27,28.7,153.9
565,4,4.61,27,29,178.5
566,1,0.11,28,29.1,187.5
566,2,1.71,28,25.9,163.9
566,3,4.71,28,24.9,158
566,4,4.76,28,28.8,166.7
567,1,1,24,27.6,175.4
567,2,2.19,24,27.5,168
567,3,3.18,24,29.2,160.4
567,4,3.83,24,27.6,170.1
568,1,0.65,27,28.2,176.9
568,2,2.11,27,28.5,176.8
568,3,4.12,27,28.9,158.2
568,4,5.01,27,27.4,164.7
569,1,0.12,28,29.2,155
569,2,0.67,28,25,171
569,3,1.67,28,27.2,182.5
569,4,2.08,28,27.7,165.6
570,1,0.38,29,28.3,170
570,2,0.55,29,28.5,170.7
570,3,1.55,29,27.5,159.4
570,4,1.91,29,28.6,176.3
571,1,1.05,27,27.4,185.2
571,2,1.15,27,29.6,159.6
571,3,1.17,27,28.4,157.8
571,4,1.96,27,26.7,157
572,1,1.66,24,28.4,177.5
572,2,2.19,24,27.5,154
572,3,3.21,24,27.7,176.5
572,4,3.37,24,28.1,165.3
573,1,0.83,30,27.3,158.9
573,2,1.38,30,27.8,164.5
573,3,1.38,30,29.9,168.4
573,4,2.14,30,29.7,156.6
574,1,2.81,26,29.9,174.2
574,2,3.59,26,28.8,159.8
574,3,3.59,26,28.6,175.6
574,4,4.51,26,28.3,165.2
575,1,1.91,29,28,168.1
575,2,2.37,29,27.4,162.6
575,3,4.36,29,27.7,172.2
575,4,4.89,29,27.4,164.8
576,1,1.93,28,29.1,154.9
576,2,2.11,28,28.1,174.1
576,3,3.11,28,28.3,161.9
576,4,3.48,28,28,170.8
577,1,0.05,26,27.8,175.4
577,2,0.15,26,28.3,161.1
577,3,2.13,26,26.7,162.4
577,4,2.67,26,30,170.2
578,1,2.24,28,28.2,164.9
578,2,2.57,28,28.2,166.1
578,3,2.58,28,28.2,179.5
578,4,3.02,28,28.3,158.3
579,1,0.54,28,28.3,168.2
579,2,3.67,28,28,176.1
579,3,5.67,28,28.3,149.6
579,4,6.56,28,27,192.1
580,1,2.47,26,27.3,170.4
580,2,2.91,26,26.1,167.8
580,3,2.91,26,26.3,166
580,4,3.4,26,28.8,156.3
581,1,2.13,26,27.3,167.3
581,2,3.6,26,27.2,159.6
581,3,5.57,26,26.7,173.2
581,4,6.12,26,27.6,159.2
582,1,2.77,26,28.7,168.5
582,2,7.71,26,30.3,150.1
582,3,8.7,26,27.6,173
582,4,8.95,26,28.2,183
583,1,1.16,26,28.8,144.7
583,2,1.2,26,28.1,167
583,3,1.22,26,28.3,161.9
583,4,1.3,26,28,174.2
584,1,1.44,28,28,167.4
584,2,2.44,28,27.4,148.6
584,3,3.43,28,27.7,174.9
584,4,4.2,28,26.5,171.7
585,1,2.53,26,27.4,180.8
585,2,3.26,26,27.1,186.4
585,3,4.26,26,28.7,155.8
585,4,4.27,26,27.9,166.4
586,1,2.77,31,28.3,164.6
586,2,2.8,31,27.6,152.5
586,3,2.8,31,29.2,150
586,4,3.28,31,27.9,166.1
587,1,2.29,26,27.3,156.4
587,2,3.66,26,27.4,185.8
587,3,4.66,26,26.9,159.9
587,4,5.09,26,26.9,162.9
588,1,2.97,28,26.6,148.6
588,2,3.75,28,28,185.9
588,3,5.75,28,27,178.4
588,4,6.28,28,28,160.5
589,1,1.7,28,26.8,176.4
589,2,4,28,27.5,159.4
589,3,6,28,29.5,157.5
589,4,6.73,28,27.7,170.7
590,1,1.42,28,28.2,156.6
590,2,3.43,28,28.2,168.9
590,3,4.43,28,29.9,163.7
590,4,5.06,28,29.4,156
591,1,2.13,25,29.1,185.6
591,2,2.84,25,26.4,159.8
591,3,4.84,25,28.5,170.8
591,4,5.74,25,27.4,162.5
592,1,0.73,28,27.1,159.5
592,2,3.16,28,26.7,166.5
592,3,4.17,28,28.3,164.8
592,4,4.67,28,27.2,160.8
593,1,1.83,27,28.4,175
593,2,2.55,27,28.6,178.7
593,3,2.55,27,25.9,163.6
593,4,2.58,27,27.3,163.4
594,1,0.01,31,27.8,183.8
594,2,1.77,31,28.4,179.2
594,3,1.78,31,28.1,166.4
594,4,1.9,31,27.7,165.9
595,1,1.18,26,28,164.7
595,2,1.94,26,28.9,168.5
595,3,1.92,26,30.3,177.2
595,4,1.94,26,28.5,174.2
596,1,2.86,30,27.7,179.7
596,2,3.57,30,28.4,176.6
596,3,4.57,30,28.2,175.6
596,4,4.91,30,28.6,155.8
597,1,2.43,26,29.6,173.9
597,2,2.6,26,28.1,172.8
597,3,2.59,26,29.4,155.2
597,4,3.44,26,27.7,189.2
598,1,0.65,26,26.9,180.9
598,2,0.71,26,28.9,148.4
598,3,2.73,26,27.6,197.8
598,4,3.26,26,25.7,191.2
599,1,2.05,28,26.7,155.9
599,2,3.96,28,29.3,176.4
599,3,3.96,28,29.1,152.3
599,4,4.82,28,28,165.3
600,1,2.43,24,30.2,168.7
600,2,2.77,24,26.6,157.2
600,3,3.77,24,28.3,169.2
600,4,4.32,24,26.9,171.3
601,1,2.25,26,28.4,176.6
601,2,2.36,26,29,156.1
601,3,2.36,26,28.2,162.8
601,4,3.16,26,26.8,148.5
602,1,1.95,24,26.6,173.4
602,2,2.44,24,27,160.5
602,3,2.45,24,29.9,176.5
602,4,2.83,24,27.7,169.6
603,1,0.57,28,28.4,172.6
603,2,4.71,28,26.8,167.4
603,3,4.71,28,28.4,165.8
603,4,5.66,28,28.1,163
604,1,0.97,29,28.2,162.4
604,2,1.23,29,28,159.4
604,3,1.23,29,28.9,178.6
604,4,1.78,29,26.3,170.7
605,1,1.26,28,28.8,156.9
605,2,1.42,28,27.6,168.3
605,3,4.43,28,27.2,175.9
605,4,5.17,28,28.4,159.4
606,1,1.21,29,27.7,172.1
606,2,1.28,29,28.2,176.8
606,3,1.27,29,28.6,158.1
606,4,1.98,29,29.2,176.3
607,1,2.01,28,27,175.9
607,2,2.22,28,28.7,172.4
607,3,5.22,28,28.7,164.2
607,4,5.78,28,27,170.2
608,1,2.13,26,26.6,164.2
608,2,3.37,26,27.7,177.4
608,3,3.36,26,28.1,148.6
608,4,3.81,26,27.9,169.7
609,1,2.88,28,29.3,161.5
609,2,3.53,28,27.6,163.2
609,3,5.52,28,27.6,168.2
609,4,5.57,28,29.1,177.3
610,1,1.32,30,29.5,159.3
610,2,3.12,30,28.8,164.4
610,3,3.13,30,27.5,159.3
610,4,3.25,30,28.2,156.2
611,1,0.37,26,27.7,165.1
611,2,2.37,26,28.4,166.1
611,3,2.37,26,28.1,141.3
611,4,3.22,26,29,165.8
612,1,2.74,30,26.3,166.8
612,2,3.48,30,28.3,159.3
612,3,3.49,30,27.4,178.1
612,4,4.09,30,28.9,164.3
613,1,1.25,26,29.1,169.7
613,2,1.31,26,25.6,172.4
613,3,2.32,26,27.7,150.7
613,4,2.44,26,27.9,157
614,1,2.26,28,28.8,175
614,2,3.82,28,27.9,168.3
614,3,3.82,28,28.2,180.5
614,4,4.75,28,27.1,175.5
615,1,1.98,26,29.1,165.3
615,2,2.44,26,27.7,155.7
615,3,2.46,26,28.7,180.9
615,4,3.41,26,28.7,171.6
616,1,2.87,23,28.7,156
616,2,3.62,23,30.7,164.5
616,3,7.62,23,30.4,159.1
616,4,8.03,23,30.6,164.7
617,1,1.27,31,29.2,168.3
617,2,2.25,31,28.3,155.9
617,3,4.25,31,27.2,154.3
617,4,4.41,31,28,167.7
618,1,0.9,28,26.9,155.2
618,2,1.11,28,26.6,169
618,3,2.12,28,27.4,173.3
618,4,2.95,28,28,163
619,1,0.46,26,26.1,180.8
619,2,2.18,26,27.3,164.7
619,3,2.16,26,27.8,163.2
619,4,3.07,26,26.6,171.5
620,1,2.83,28,27,151.9
620,2,2.95,28,28.2,165.7
620,3,2.94,28,27.4,155.7
620,4,3.89,28,27.9,168.2
621,1,2.01,32,28,177.1
621,2,2.02,32,27.7,169.5
621,3,2.02,32,29.5,160.4
621,4,2.98,32,28.7,169.5
622,1,0.74,24,28.2,175.2
622,2,1.7,24,29.1,171.7
622,3,4.68,24,27.5,167
622,4,5.68,24,29.5,170.6
623,1,1.15,27,26.7,162.1
623,2,3.6,27,27.6,161.8
623,3,5.6,27,27.2,172.6
623,4,6.37,27,26.9,167.9
624,1,0.93,28,28.4,172
624,2,2.85,28,28.4,180.4
624,3,4.85,28,26.6,168.9
624,4,5.41,28,28.6,164.8
625,1,0.2,29,26.4,176.2
625,2,2.77,29,27.6,157
625,3,2.77,29,26.9,173.3
625,4,3.37,29,29,176.8
626,1,2.77,30,28.6,150.4
626,2,2.82,30,27.1,158.1
626,3,3.84,30,29.7,179.2
626,4,4.02,30,26.7,167.1
627,1,2.49,25,28.6,176.7
627,2,2.6,25,27.5,172
627,3,6.6,25,28.6,175
627,4,6.69,25,28.5,161.5
628,1,2.13,27,27.6,170
628,2,2.57,27,30.1,173.1
628,3,7.57,27,28,166.7
628,4,7.69,27,29.2,190.5
629,1,2.01,27,27.7,163.9
629,2,2.43,27,28.2,136.4
629,3,3.43,27,28.1,167.9
629,4,4.13,27,26.9,151.9
630,1,2.34,28,28.6,157.4
630,2,4.25,28,28,166.6
630,3,4.25,28,28.9,156.1
630,4,5.21,28,29.6,156.7
631,1,1.8,30,28.1,165.4
631,2,3.27,30,27.6,177
631,3,4.25,30,26.2,157.3
631,4,5.21,30,28.4,183.8
632,1,1.42,26,29.1,169.1
632,2,4.51,26,27.8,176
632,3,4.53,26,28.6,165.4
632,4,4.58,26,27.4,158.2
633,1,2.08,26,28.3,171.1
633,2,2.09,26,27.6,174
633,3,2.09,26,28.2,174.1
633,4,2.96,26,27.7,176.9
634,1,1.22,25,29.6,161.4
634,2,1.5,25,27.1,159.7
634,3,2.51,25,28,157.5
634,4,3.19,25,28.4,164
635,1,0.45,26,29,163.3
635,2,1.53,26,26.7,158.1
635,3,3.52,26,26.8,175.4
635,4,4.35,26,28.6,164.9
636,1,1.74,26,29.5,164
636,2,2.9,26,28.6,165.9
636,3,3.9,26,27.7,159.4
636,4,4.42,26,28.3,171.2
637,1,2.23,28,28.1,154
637,2,3.39,28,26.3,173.3
637,3,7.38,28,26.3,172.6
637,4,7.52,28,28,164.3
638,1,0.78,26,26.6,174.3
638,2,4.23,26,28.5,166.9
638,3,6.23,26,29.1,165
638,4,6.81,26,27.7,165.5
639,1,0.59,28,28.1,169.6
639,2,1.12,28,27.9,167.8
639,3,1.12,28,27.1,178.8
639,4,1.8,28,27.9,144.8
640,1,0.3,23,28.3,174.7
640,2,1.07,23,27.2,165
640,3,1.06,23,28.2,162.6
640,4,1.22,23,29,154.9
641,1,2.33,25,27.2,164.7
641,2,3.21,25,29.1,167.1
641,3,7.21,25,29.4,161
641,4,7.49,25,28,147.3
642,1,1.36,30,28.8,167.7
642,2,2.17,30,27.5,167.6
642,3,2.18,30,27.3,170.1
642,4,2.21,30,27,151.5
643,1,1.54,24,29.1,141.2
643,2,1.62,24,27.5,153.7
643,3,1.61,24,28.9,185.5
643,4,1.64,24,28.4,173.3
644,1,0.24,26,27.3,163.3
644,2,1.05,26,27.9,165
644,3,1.04,26,27.6,172
644,4,1.2,26,26.5,177.7
645,1,0.91,32,27.8,171.3
645,2,1.55,32,28.7,171.1
645,3,2.53,32,27.7,177.1
645,4,2.83,32,26.3,167.5
646,1,0.75,26,26,160.8
646,2,0.78,26,28.5,159.8
646,3,2.79,26,27.2,152.6
646,4,3.33,26,26.9,159.9
647,1,1.7,26,26.5,168.7
647,2,6.08,26,29.3,166.2
647,3,8.09,26,29.3,159.9
647,4,8.2,26,28.6,167.9
648,1,2.91,29,28.9,161.3
648,2,3.23,29,26,172.2
648,3,6.23,29,28.2,158.1
648,4,7.17,29,26.7,169.1
649,1,1.84,32,27.6,173.9
649,2,3.25,32,27.4,163.4
649,3,3.25,32,28.9,143.3
649,4,3.42,32,28.8,165.5
650,1,1.29,30,27.7,167.7
650,2,1.31,30,29,175.7
650,3,1.33,30,28.5,154.5
650,4,1.96,30,28.3,164.1
651,1,0.56,24,29.1,171.7
651,2,0.61,24,28.6,168.5
651,3,0.61,24,27.8,154.9
651,4,0.98,24,26.7,177.2
652,1,1.27,25,27.9,179.2
652,2,1.84,25,27.4,165.5
652,3,1.83,25,28.7,156.6
652,4,2.32,25,29.4,170
653,1,0.45,24,27.9,168.8
653,2,1.83,24,29.1,160.2
653,3,2.83,24,27.1,189.8
653,4,3.33,24,26.1,156.8
654,1,0.14,26,29,162.4
654,2,0.35,26,28.2,177.4
654,3,0.36,26,27.9,172.9
654,4,1.33,26,27.7,181.5
655,1,1.68,26,27.7,170.8
655,2,2.88,26,27.3,164.6
655,3,5.87,26,28.7,180.1
655,4,6.46,26,29,151.9
656,1,0.05,30,28.6,165.6
656,2,4.53,30,27.4,164.6
656,3,5.53,30,27.6,161.7
656,4,6.47,30,28.9,183
657,1,1.96,28,26.1,155.1
657,2,4.21,28,30.1,177.8
657,3,8.19,28,27.8,154.9
657,4,8.87,28,27.2,167.3
658,1,0.5,28,27.1,164.6
658,2,0.71,28,28.2,154.2
658,3,0.68,28,29.2,167.1
658,4,1.41,28,27.8,155.1
659,1,2.52,32,28.6,174.5
659,2,7.09,32,27.3,150.1
659,3,10.1,32,28.3,177.5
659,4,10.78,32,27.4,171.1
660,1,0.11,26,29.8,154.2
660,2,1.61,26,28.7,146.6
660,3,1.62,26,27.1,171.1
660,4,2.41,26,26,154.3
661,1,0.43,30,27.2,167.1
661,2,1.04,30,29.3,168.2
661,3,4.03,30,26.8,176.4
661,4,4.04,30,27.4,178.4
662,1,0.48,24,28.8,177
662,2,1.39,24,26.7,147.8
662,3,1.39,24,27.6,155.3
662,4,1.95,24,28.4,171.6
663,1,1.41,29,29.5,160.4
663,2,2.06,29,28,170.3
663,3,2.05,29,27,163.7
663,4,2.27,29,28.3,165.7
664,1,1.8,28,26,166.5
664,2,1.86,28,28.9,170.2
664,3,1.86,28,28.1,150.6
664,4,2.82,28,28,179.6
665,1,1.31,27,28.9,161.8
665,2,1.42,27,27.4,161.2
665,3,3.41,27,26.4,159.9
665,4,4.33,27,28.8,171.5
666,1,0.52,28,27.8,159.6
666,2,2.22,28,26,173.4
666,3,4.23,28,25.6,146.9
666,4,5,28,27.2,170.6
667,1,2.58,23,28.1,169.3
667,2,3.35,23,28.9,166.2
667,3,5.35,23,30.2,151.9
667,4,5.49,23,27,169.7
668,1,1.77,28,29,177.7
668,2,2.2,28,29.3,176.5
668,3,3.21,28,27.2,150.8
668,4,3.27,28,27.4,169.6
669,1,2.31,24,26.8,174.7
669,2,4.1,24,29.7,155.6
669,3,5.07,24,27.6,176.7
669,4,5.44,24,25.8,162.5
670,1,0.3,26,28.2,148
670,2,0.53,26,29.3,160.7
670,3,0.53,26,27.2,174.3
670,4,1.16,26,28.8,171.5
671,1,2.46,30,28.2,173.7
671,2,2.95,30,28.3,173.7
671,3,2.94,30,29.4,177.2
671,4,3.14,30,28.2,149.4
672,1,1.24,26,27.9,167.2
672,2,3,26,30.2,168.9
672,3,3.01,26,28.2,156
672,4,3.26,26,28.4,174.8
673,1,0.02,30,27.4,153.8
673,2,0.27,30,28.4,177.7
673,3,1.27,30,26.4,156.9
673,4,2.23,30,28.6,166.9
674,1,0.11,26,29.7,165.2
674,2,0.61,26,27.7,162.2
674,3,0.61,26,28.8,167.8
674,4,1.2,26,26.8,154.7
675,1,2.04,28,28.3,176.5
675,2,2.04,28,29.4,173.4
675,3,2.04,28,27.4,154.5
675,4,2.49,28,26.4,148.2
676,1,1.49,30,28.7,151.8
676,2,1.63,30,28.4,161.1
676,3,1.63,30,28.2,159.2
676,4,2.5,30,27.4,154
677,1,0.09,25,28.2,175.9
677,2,1.72,25,28.7,167.6
677,3,1.71,25,28.1,164.8
677,4,2.63,25,27.7,168.6
678,1,1.98,22,28.1,178.3
678,2,2.39,22,27.6,165.4
678,3,3.37,22,26.5,177.2
678,4,3.77,22,27,175.5
679,1,1.58,26,28.5,170.2
679,2,3.31,26,27.4,162.6
679,3,5.3,26,28.3,163.2
679,4,6.23,26,29.4,183.6
680,1,0.36,30,27.4,161.8
680,2,0.43,30,29.1,172.5
680,3,4.41,30,27.9,165.9
680,4,4.79,30,27.9,181.2
681,1,1.26,28,28.7,160.9
681,2,1.81,28,28.9,161.8
681,3,5.8,28,27,161.4
681,4,5.93,28,28.8,151.5
682,1,1.49,25,29.9,160.6
682,2,4.36,25,29.4,144.5
682,3,6.36,25,28.7,162.7
682,4,7.3,25,26.4,181
683,1,0.39,27,28.5,165.4
683,2,0.4,27,26.2,163.2
683,3,1.41,27,27.2,177.9
683,4,1.76,27,27.2,174.9
684,1,2.92,27,27.6,173.8
684,2,3.08,27,26.4,183
684,3,3.09,27,27.3,167.8
684,4,3.6,27,27.7,175.5
685,1,1.63,30,29.1,174.8
685,2,2.95,30,26.6,157.2
685,3,2.95,30,28.5,155.5
685,4,3.63,30,29.3,161.5
686,1,0.19,28,29.9,167.6
686,2,1.01,28,28.2,157.8
686,3,2.02,28,28,155.8
686,4,2.31,28,28.2,173.2
687,1,0.96,27,28.3,156
687,2,3.23,27,28.2,171
687,3,3.23,27,28.9,180.7
687,4,3.85,27,29.6,166.5
688,1,0.12,28,28.6,168.6
688,2,1.18,28,29,176.8
688,3,1.19,28,29.9,170.2
688,4,2.16,28,28.9,176.7
689,1,0.58,26,28.2,164.4
689,2,4.92,26,28.2,189.2
689,3,5.93,26,28.5,176.5
689,4,6.04,26,26.3,170
690,1,1.31,28,28.8,167.5
690,2,1.57,28,26.6,196.7
690,3,1.56,28,28.2,174.8
690,4,1.88,28,27.7,173.9
691,1,2.92,30,28.7,187.4
691,2,3.22,30,30.6,168.6
691,3,6.21,30,28,168.6
691,4,6.84,30,26.7,157.6
692,1,1.23,27,28.6,177.5
692,2,2.31,27,28.9,165.1
692,3,2.32,27,28.6,154.4
692,4,2.7,27,29.4,163.6
693,1,0.12,30,28.4,165.6
693,2,0.26,30,27.8,150.9
693,3,2.26,30,28.3,147.8
693,4,2.45,30,27.4,196.5
694,1,1.68,29,28.5,162
694,2,3.59,29,29.2,156.4
694,3,5.61,29,27.1,161.5
694,4,6.25,29,27.7,163.5
695,1,0.54,28,28.5,178.6
695,2,0.58,28,29.8,157.9
695,3,0.56,28,27.7,166.8
695,4,0.65,28,29.5,170.5
696,1,0.87,30,27,175
696,2,2.48,30,28.3,170.9
696,3,3.49,30,27.5,157.4
696,4,4.34,30,30,179.3
697,1,1,27,27.3,159.1
697,2,1.43,27,28.6,147.5
697,3,1.4,27,26.9,174.3
697,4,1.9,27,26.2,148.4
698,1,2.87,27,29.6,160.4
698,2,2.87,27,26.9,179
698,3,4.86,27,27.2,163.4
698,4,5.72,27,30.8,181.9
699,1,2.91,25,28.7,157
699,2,3.34,25,26.8,150.7
699,3,3.34,25,27.2,167.4
699,4,4.16,25,27.1,169.2
700,1,2.04,23,29.2,171.6
700,2,5.4,23,27.8,162.1
700,3,5.4,23,29,151.7
700,4,5.75,23,26.1,165.3
701,1,0.4,30,29.1,167.2
701,2,1.65,30,27.8,145.8
701,3,2.67,30,27.6,166.2
701,4,2.77,30,26.9,179.3
702,1,0.33,28,25.8,169.2
702,2,0.9,28,26.3,176.1
702,3,2.91,28,28.7,179.6
702,4,3.22,28,26.9,153.2
703,1,0.17,28,28.4,172.5
703,2,0.36,28,28,174.5
703,3,2.36,28,27.8,161
703,4,2.49,28,27.4,164
704,1,2.51,23,27.7,156.2
704,2,2.87,23,27.5,157.7
704,3,2.87,23,25.6,159.2
704,4,3.68,23,27.4,149
705,1,3.01,28,28.4,192.5
705,2,3.33,28,26.6,180.7
705,3,5.33,28,27.9,165.9
705,4,5.84,28,28.9,162
706,1,0.86,26,28.5,172.2
706,2,1.35,26,28.5,148.6
706,3,2.36,26,28.1,168.8
706,4,3.28,26,28.7,155.5
707,1,1.31,24,29.1,162.7
707,2,1.69,24,28,148.9
707,3,2.7,24,27.5,172.1
707,4,2.98,24,27.8,164.9
708,1,0.19,26,28.6,161.3
708,2,2.21,26,29.7,175.8
708,3,4.22,26,26.1,164.4
708,4,5.1,26,25.9,165.2
709,1,1.75,28,27.1,156.9
709,2,1.82,28,27.8,174.2
709,3,3.81,28,27.6,163.2
709,4,4.58,28,28.9,164.5
710,1,2.02,24,28.5,183.2
710,2,2.04,24,29,180.9
710,3,2.03,24,29.2,162
710,4,2.34,24,28.8,174.2
711,1,0.5,26,28.9,164.7
711,2,0.75,26,26.6,147.4
711,3,3.76,26,27.1,151.6
711,4,4.76,26,27.2,161.5
712,1,0.86,27,28.5,146.9
712,2,1.54,27,27.8,155.8
712,3,2.53,27,27.7,169.4
712,4,2.9,27,28.2,170.7
713,1,1.39,30,27.2,151.1
713,2,1.55,30,29,170.1
713,3,1.55,30,28,167.2
713,4,1.88,30,27.8,168.4
714,1,2.13,28,29,160.7
714,2,3.52,28,27,170.5
714,3,4.5,28,28.2,163.1
714,4,4.73,28,27,160.5
715,1,1.59,26,29,153.2
715,2,2.01,26,27.6,150.4
715,3,2.02,26,28.4,167.9
715,4,2.07,26,28.6,185.5
716,1,0.4,24,28.7,155.4
716,2,0.64,24,29.5,161.2
716,3,2.62,24,28.6,171.1
716,4,2.64,24,25.9,169.8
717,1,2.76,26,27.9,177.1
717,2,3.87,26,26.6,142.8
717,3,3.86,26,29.1,149
717,4,4.1,26,28.4,173.1
718,1,0.22,29,27.5,166.1
718,2,1.56,29,28.6,175.9
718,3,2.57,29,30,177.3
718,4,2.96,29,26.5,167.3
719,1,2.53,28,28.4,158.4
719,2,4.57,28,29.2,159.3
719,3,4.59,28,26.6,168.3
719,4,4.68,28,27.6,185.4
720,1,1.97,29,27.7,162
720,2,2.26,29,27.9,157.5
720,3,3.27,29,28.7,177.7
720,4,3.47,29,27.5,162.3
721,1,0.54,29,26.2,160
721,2,0.69,29,29,178.3
721,3,1.69,29,28.2,150.8
721,4,1.97,29,28.5,178.7
722,1,2.08,28,30.8,190.4
722,2,2.23,28,28,176.8
722,3,3.24,28,28.5,177
722,4,3.53,28,26.1,173.7
723,1,2.78,29,27.2,156.7
723,2,2.89,29,27.3,154.7
723,3,4.89,29,28.6,163.9
723,4,5.35,29,28,167.7
724,1,0.4,26,27.1,177.6
724,2,0.69,26,27.6,152.1
724,3,4.69,26,28,142.2
724,4,5.51,26,26.4,174.9
725,1,1.83,25,29.1,173.2
725,2,2.03,25,29.1,169.1
725,3,4.05,25,27.3,168.3
725,4,4.55,25,29.1,174.8
726,1,1.87,28,26.6,172.7
726,2,2.28,28,27.9,167.4
726,3,3.28,28,26.2,168.4
726,4,3.74,28,28.4,161.4
727,1,0.8,29,27.1,169.7
727,2,1.62,29,28.2,163
727,3,1.64,29,27,157.5
727,4,2.21,29,29.7,164.9
728,1,2.29,26,28.4,174.3
728,2,2.54,26,29.1,154.6
728,3,3.55,26,26.5,163.5
728,4,3.98,26,27.1,147.9
729,1,2.86,27,26.7,162.6
729,2,2.94,27,29.2,176
729,3,6.95,27,29.9,175.5
729,4,7.56,27,29.2,162.7
730,1,2.43,30,29.4,154.3
730,2,3.51,30,27.2,173.1
730,3,4.52,30,27.4,185.7
730,4,5.33,30,28.4,171.4
731,1,1.42,24,27,165.2
731,2,2.21,24,28.2,165.8
731,3,2.21,24,27.9,155.5
731,4,3.14,24,27.5,169.3
732,1,0.98,28,27,186.3
732,2,1.13,28,29.9,164.4
732,3,1.13,28,28.8,163.8
732,4,1.91,28,28.8,181.5
733,1,0.06,27,26.8,148.9
733,2,1.14,27,29.4,140.8
733,3,4.14,27,29.4,163
733,4,5.12,27,27.3,167.3
734,1,1.44,26,27.5,168.2
734,2,3.03,26,27.7,157.1
734,3,4.01,26,29.1,164.1
734,4,4.09,26,28.9,177.2
735,1,1.94,28,27.1,163.5
735,2,4.18,28,27.1,171
735,3,6.18,28,26.1,165.7
735,4,7.01,28,29.1,182.8
736,1,0.26,32,27.2,156.4
736,2,1.6,32,27.2,160.2
736,3,1.6,32,29.5,157.3
736,4,2.01,32,28.1,137.7
737,1,1.74,27,27.8,177.2
737,2,2.59,27,28.7,171.8
737,3,2.6,27,25.9,168.6
737,4,3.41,27,27.8,160.9
738,1,2.34,26,29.5,164.8
738,2,3.12,26,27.2,157.1
738,3,3.13,26,28.1,145.4
738,4,3.52,26,27,162.7
739,1,2.94,22,26.8,157.4
739,2,4.2,22,27,158.2
739,3,5.22,22,28,176.9
739,4,5.73,22,27.5,164
740,1,2.18,24,28.4,170
740,2,2.69,24,27.6,179.5
740,3,3.68,24,29.6,165.5
740,4,3.85,24,29.2,143.6
741,1,0.74,28,29.8,181.8
741,2,1.67,28,29.2,154.2
741,3,1.66,28,27.1,152.6
741,4,2.43,28,28.1,175.7
742,1,2.32,28,28.6,184.6
742,2,4.8,28,27.9,157.8
742,3,4.81,28,25.9,157.2
742,4,5.45,28,28.9,180.8
743,1,0.89,28,27.6,164.7
743,2,1.26,28,27.1,181.1
743,3,1.26,28,29.1,181.6
743,4,1.43,28,27.4,169.3
744,1,0.65,27,27.3,165.3
744,2,2.42,27,26.2,160.1
744,3,2.42,27,28.7,182.9
744,4,2.84,27,27.5,158.4
745,1,1.93,30,28,158.1
745,2,2.2,30,28.8,164.8
745,3,3.2,30,29.6,178.4
745,4,3.89,30,27.8,160
746,1,1.44,28,27.9,142.8
746,2,2.99,28,27.1,181
746,3,2.98,28,27,165.2
746,4,3.78,28,27.9,161.1
747,1,1.97,30,26.5,168.2
747,2,2.96,30,27.9,168.8
747,3,2.97,30,30.2,162.6
747,4,3.2,30,29.6,169.1
748,1,1.86,26,28.3,198.6
748,2,1.92,26,29.8,178.4
748,3,1.91,26,27.4,189
748,4,2.48,26,28.3,167.9
749,1,2.73,26,30.5,178.8
749,2,6.72,26,30.1,156.7
749,3,8.71,26,27.8,153.3
749,4,9.65,26,27.8,157
750,1,1.58,29,27.7,179.3
750,2,2.28,29,27,160.1
750,3,2.29,29,27.2,162.6
750,4,2.54,29,29.4,162.7
751,1,0.32,27,27.7,163.9
751,2,2.95,27,29.9,148.8
751,3,3.95,27,27.1,173.4
751,4,4.24,27,26.8,168.2
752,1,2.56,30,29.4,163.3
752,2,3.14,30,29.9,179.6
752,3,3.14,30,27.3,168.8
752,4,3.38,30,29.4,172.1
753,1,1.63,28,28.8,161.5
753,2,2.13,28,27.4,173.5
753,3,2.13,28,28.7,157.3
753,4,2.34,28,28.1,166.2
754,1,2.79,27,26.3,185.9
754,2,3.26,27,29.1,171.4
754,3,5.26,27,29.7,156.7
754,4,5.79,27,27.6,162.5
755,1,1.07,26,26.5,154.9
755,2,2.45,26,29.2,165.9
755,3,5.44,26,28,155.7
755,4,5.53,26,28.6,174.2
756,1,2.45,25,28,161.1
756,2,2.63,25,28.7,177.9
756,3,2.65,25,28.3,151.8
756,4,3.02,25,28.2,163
757,1,2.03,27,27.7,156.8
757,2,2.07,27,28,179.2
757,3,5.06,27,27,167
757,4,6.03,27,27.8,173
758,1,0.58,26,28.6,146.9
758,2,3.21,26,27.2,171.7
758,3,3.21,26,28.6,179.6
758,4,3.98,26,26.8,160.5
759,1,1.12,30,27.3,160.9
759,2,2.99,30,28,176.7
759,3,4,30,30.1,159.5
759,4,4.61,30,28.2,147.4
760,1,0.67,30,27.1,169.6
760,2,4.83,30,29.5,190.4
760,3,5.84,30,26.7,161.5
760,4,6.78,30,28.8,156.8
761,1,2.82,25,28,158.2
761,2,3.59,25,28,170.2
761,3,3.6,25,27.3,163.3
761,4,3.98,25,26.3,177.7
762,1,2.61,27,28,181.8
762,2,4.61,27,29,160.7
762,3,5.61,27,27.9,153.2
762,4,5.83,27,28.1,164.3
763,1,2.19,26,29.8,164
763,2,4.1,26,27,178.5
763,3,5.12,26,27,164.3
763,4,5.26,26,27.6,176.3
764,1,0.65,24,29.1,173.8
764,2,1.86,24,28,167.5
764,3,1.86,24,29.2,173.3
764,4,2.49,24,26.7,159.1
765,1,2.59,26,28.5,183.6
765,2,4.57,26,27,179.1
765,3,4.58,26,28.5,158.3
765,4,4.93,26,26.9,175.9
766,1,0.3,26,26.1,173.5
766,2,0.84,26,26.1,161.7
766,3,2.85,26,28.5,172.2
766,4,3.23,26,27.2,166.4
767,1,0.25,26,28.6,157.8
767,2,1.49,26,27.2,182.9
767,3,4.48,26,27.2,161.9
767,4,4.85,26,26.8,160.8
768,1,1.45,26,27.5,171.3
768,2,1.68,26,30,170.1
768,3,1.68,26,27.9,177.5
768,4,2.39,26,27.4,155.8
769,1,1.71,27,28.8,156.2
769,2,3.46,27,26.9,157.2
769,3,4.45,27,28.6,171.6
769,4,4.61,27,28.6,184.1
770,1,1.79,26,28,172.6
770,2,4.71,26,27.1,164.8
770,3,5.71,26,27.8,158.1
770,4,5.81,26,27.4,161.3
771,1,2.28,30,25.9,176.9
771,2,2.52,30,28.6,175.7
771,3,2.51,30,28.5,162.3
771,4,3.21,30,27.4,170
772,1,2.43,33,28.3,175.9
772,2,3.89,33,28,159.9
772,3,4.87,33,27,172.1
772,4,5.61,33,28.6,195.4
773,1,1.47,28,29.8,173.2
773,2,2.84,28,27.2,165.7
773,3,5.83,28,27.3,164
773,4,6.72,28,28.5,162.2
774,1,1.72,26,27.4,172.5
774,2,2.11,26,27,168.1
774,3,2.11,26,28.5,164.7
774,4,2.94,26,26.6,156.1
775,1,2.1,26,28.6,169.9
775,2,2.78,26,28.4,163.6
775,3,2.77,26,27.2,170.2
775,4,3.67,26,27.9,168.6
776,1,2.54,28,28.1,172.7
776,2,6.65,28,28,154.5
776,3,7.65,28,29,173.3
776,4,8.59,28,28.5,172.3
777,1,2.02,30,28.1,156.9
777,2,2.76,30,28.7,157.2
777,3,8.75,30,27.2,147.5
777,4,9.12,30,27.9,170.7
778,1,2.27,30,28.9,163.9
778,2,3.62,30,27.3,155.5
778,3,3.63,30,28.8,168.9
778,4,4.4,30,27.7,149.3
779,1,1.58,28,27.7,150.9
779,2,2.15,28,27,166.9
779,3,5.14,28,30.2,165.2
779,4,5.93,28,28.2,158.5
780,1,1.69,27,27.8,178.1
780,2,1.91,27,29.7,198.7
780,3,1.92,27,26.9,153.7
780,4,2.39,27,27.9,166.2
781,1,0.93,26,27.9,165.4
781,2,2.58,26,28,171
781,3,3.56,26,27.6,164.2
781,4,3.82,26,28.7,164.4
782,1,0.39,32,30.2,158.3
782,2,1.15,32,27.7,167.1
782,3,2.16,32,29.6,161.9
782,4,2.36,32,26.9,148.1
783,1,2.98,27,28.5,162.1
783,2,2.99,27,28.5,175.2
783,3,3.99,27,27.9,169
783,4,4.11,27,25.9,162.2
784,1,1.87,28,28.9,153
784,2,2.43,28,28.2,162.6
784,3,3.42,28,28.5,184.1
784,4,3.46,28,26.3,179.3
785,1,0.02,32,26.3,172.2
785,2,0.23,32,27.5,154.9
785,3,3.23,32,29.2,179.5
785,4,3.51,32,28.9,171.2
786,1,2.02,28,28.9,154.2
786,2,2.28,28,28.2,151.6
786,3,3.28,28,28.2,162.3
786,4,4.14,28,28.8,178.9
787,1,1.03,24,28.5,151.8
787,2,1.45,24,27.5,179.4
787,3,2.44,24,26.3,166.7
787,4,2.79,24,29.1,173.5
788,1,0.2,26,26.8,177.8
788,2,0.38,26,28.1,163.7
788,3,0.38,26,28,164.8
788,4,0.69,26,27.8,160.6
789,1,2.43,26,28.9,166.6
789,2,3.37,26,28.7,184.1
789,3,3.38,26,29.1,147.4
789,4,3.61,26,30,175.5
790,1,0.5,28,27.4,160
790,2,1.92,28,29.1,164.1
790,3,2.91,28,27.9,170.8
790,4,3.75,28,27.4,156.4
791,1,1.48,28,28.4,175.1
791,2,1.76,28,28.4,156.7
791,3,3.75,28,28.3,168.4
791,4,3.89,28,27.7,169
792,1,0.65,26,28.5,170
792,2,2.33,26,28.6,179.1
792,3,4.34,26,29.6,157.5
792,4,5.32,26,27.4,171.3
793,1,1.54,32,28.8,185.5
793,2,2.01,32,28,176.2
793,3,5.01,32,29.2,145.2
793,4,6,32,27.7,163.8
794,1,1.27,29,27.5,173.3
794,2,1.37,29,28,163.8
794,3,2.37,29,28.4,179
794,4,3,29,29.5,159
795,1,0.48,28,28.7,176
795,2,2.77,28,27.2,184.6
795,3,2.77,28,29.8,171.1
795,4,3.41,28,27.6,162.5
796,1,1.95,29,24.4,178.6
796,2,3.15,29,29.2,162.2
796,3,4.16,29,28.3,170.1
796,4,5.01,29,27.3,185.7
797,1,2.23,28,27.3,150.6
797,2,2.56,28,26.4,151.9
797,3,2.55,28,26.5,161.7
797,4,2.83,28,27.1,178.2
798,1,2.38,28,28,146.4
798,2,2.41,28,28,178.8
798,3,2.42,28,26.9,172.9
798,4,3.39,28,30.3,156.8
799,1,0.68,26,28.4,169.8
799,2,3.81,26,28,181.3
799,3,3.81,26,27.1,169.1
799,4,4.71,26,28.8,174.6
800,1,0.52,28,28.7,159.7
800,2,5.67,28,29,175.7
800,3,5.66,28,29.1,157.7
800,4,6.13,28,25.9,158.1
801,1,1.61,30,24.9,160.9
801,2,2.26,30,28.8,156.9
801,3,3.26,30,27.6,142.8
801,4,3.93,30,27.5,152.9
802,1,1,28,29.2,170.2
802,2,2.18,28,27.6,176.1
802,3,2.17,28,28.2,155.7
802,4,2.29,28,28.5,148
803,1,2.12,30,28.9,169.7
803,2,2.31,30,27.4,163.1
803,3,2.3,30,29.2,172.9
803,4,3.18,30,25,170.7
804,1,2.17,28,27.2,176
804,2,2.73,28,27.7,154.2
804,3,3.72,28,28.3,162.8
804,4,4.68,28,28.5,170.5
805,1,0.45,26,27.5,165.3
805,2,1.62,26,28.6,160.2
805,3,3.62,26,27.4,182.9
805,4,4.38,26,29.6,163.2
806,1,2.9,26,28.4,163.9
806,2,3.34,26,26.7,155.5
806,3,5.35,26,28.4,175.4
806,4,5.57,26,27.5,166.1
807,1,2.1,30,27.7,185.2
807,2,3.23,30,28.1,176.4
807,3,5.24,30,27.3,166.1
807,4,5.75,30,27.8,185
808,1,1.91,26,29.9,159.1
808,2,2.29,26,29.7,163.7
808,3,4.29,26,29.9,169.1
808,4,5.01,26,28.8,161.4
809,1,1.93,28,28.6,178.4
809,2,2.84,28,28.3,172.3
809,3,2.84,28,28,176.3
809,4,3.34,28,27.4,166.1
810,1,1.13,26,27.7,151.8
810,2,2.31,26,27.4,158.4
810,3,2.3,26,29.1,156.1
810,4,2.54,26,28.1,164.3
811,1,1.87,28,28.3,160.9
811,2,3.57,28,28,162.7
811,3,4.56,28,27.8,166.2
811,4,5.34,28,28.3,174.1
812,1,1.82,24,26.7,153.2
812,2,1.82,24,30,158.4
812,3,3.8,24,28.2,179.8
812,4,4.38,24,28.2,162.7
813,1,1.56,30,28.2,171.4
813,2,5.2,30,28.3,170.9
813,3,8.21,30,28.3,170.6
813,4,8.46,30,28,171.4
814,1,1.58,29,28.3,167.3
814,2,2.29,29,27,171.4
814,3,2.3,29,27.3,171.7
814,4,3.16,29,26.1,153.5
815,1,2.71,32,26.3,180.2
815,2,3.15,32,28.8,150.2
815,3,3.14,32,27.3,166.2
815,4,3.33,32,27.2,177.6
816,1,2.29,26,26.7,167.7
816,2,3.97,26,27.6,157.1
816,3,4.98,26,28.7,173.8
816,4,5.68,26,30.3,172.3
817,1,0.8,26,27.6,153.6
817,2,1.78,26,28.2,166.1
817,3,3.77,26,28.8,191.2
817,4,4.1,26,28.1,183.1
818,1,3,25,28.3,154.6
818,2,3.48,25,28,183.5
818,3,4.49,25,28,147.4
818,4,4.91,25,27.4,172.6
819,1,2.46,26,27.7,162.2
819,2,3.65,26,26.5,165.5
819,3,3.66,26,27.4,171.8
819,4,3.99,26,27.1,159.5
820,1,1.68,26,28.7,169.5
820,2,4.84,26,27.9,176.7
820,3,4.85,26,28.3,170.9
820,4,5.7,26,27.6,172
821,1,1.62,28,29.2,170.5
821,2,2.75,28,27.9,147.9
821,3,3.75,28,27.3,164.2
821,4,4.67,28,27.4,167
822,1,2.53,30,26.9,155.7
822,2,2.61,30,26.9,162.2
822,3,2.6,30,26.6,158.5
822,4,3.36,30,28,178.7
823,1,1.43,26,27,179.1
823,2,1.43,26,28,159.9
823,3,4.43,26,26.8,163.2
823,4,4.66,26,27.5,162.7
824,1,0.15,27,29.5,184.8
824,2,0.8,27,27.7,169.1
824,3,1.8,27,28.2,163.4
824,4,1.94,27,28.2,186.6
825,1,1.12,26,29.9,164.6
825,2,2.09,26,29.4,181.9
825,3,3.1,26,29.1,185
825,4,3.97,26,26.4,180
826,1,2.9,24,28.5,167.6
826,2,3.11,24,27.4,179.2
826,3,3.1,24,27.1,158.1
826,4,3.45,24,26.7,180.6
827,1,1.69,28,28.3,180.7
827,2,3.3,28,27.2,165.9
827,3,3.28,28,28.4,160
827,4,3.87,28,28.6,161.2
828,1,2.24,26,25.9,148.9
828,2,3.12,26,27.3,171.6
828,3,4.11,26,27.8,172.6
828,4,4.3,26,28.4,157.4
829,1,0.72,28,28.1,179.5
829,2,1.64,28,27.7,189.8
829,3,1.63,28,28,163.5
829,4,2.38,28,28.9,154.8
830,1,0.02,30,30.3,182.6
830,2,1.54,30,28.5,149.7
830,3,2.53,30,27.7,150.9
830,4,2.68,30,28.4,160.3
831,1,2.54,26,28.2,154.3
831,2,6.44,26,28.6,176.7
831,3,7.43,26,29.6,171.3
831,4,7.86,26,28.1,159.4
832,1,2.07,25,29.4,175.2
832,2,3.16,25,27.7,177.7
832,3,5.16,25,26.9,168.6
832,4,5.34,25,28.9,161.6
833,1,2.99,30,27.6,181.1
833,2,3.06,30,25.7,182.3
833,3,5.06,30,26.7,179.2
833,4,5.34,30,29.3,166.3
834,1,0.74,28,29.1,181
834,2,2.4,28,28,181.5
834,3,3.4,28,30.2,170.8
834,4,4.39,28,26.6,172.1
835,1,1.82,31,28.3,179
835,2,2,31,26.9,149.2
835,3,3,31,28.4,152
835,4,3.81,31,29,161.4
836,1,1.93,28,28.2,176.8
836,2,2.22,28,26.8,153.1
836,3,2.22,28,26.6,178.9
836,4,2.74,28,27,177.5
837,1,2.15,27,29.9,171.2
837,2,2.75,27,27.7,184.1
837,3,3.74,27,28.4,156.1
837,4,4.47,27,26.8,163.1
838,1,1.53,26,28.4,150.6
838,2,2.25,26,28.1,165.5
838,3,2.24,26,28.2,167.7
838,4,2.29,26,28,169.4
839,1,1.32,26,28.9,170.6
839,2,1.6,26,26.3,172.6
839,3,2.6,26,28.8,158.2
839,4,2.88,26,27.6,179.7
840,1,1.74,26,27.2,175.1
840,2,2.48,26,28.4,171.8
840,3,3.48,26,27.7,179.4
840,4,4.46,26,28.2,159.7
841,1,1.5,28,28.6,175.6
841,2,2.79,28,29.2,163.6
841,3,4.78,28,27,168.2
841,4,5.46,28,28.7,172
842,1,0.77,32,28.7,165.9
842,2,1.16,32,27,148.2
842,3,1.18,32,26.6,164.3
842,4,1.2,32,27.7,158.5
843,1,2.1,26,28.1,168.6
843,2,2.8,26,27.9,169.1
843,3,2.79,26,29.3,184.5
843,4,3.05,26,27.6,169.1
844,1,1.36,28,27.6,167.1
844,2,1.51,28,29.1,166.5
844,3,3.5,28,29.5,169.1
844,4,3.93,28,28.8,143.7
845,1,1.62,25,27.5,172.4
845,2,1.77,25,28.2,164.3
845,3,2.77,25,27.7,165.4
845,4,3.37,25,28.4,173.3
846,1,2.83,28,28.1,151.3
846,2,3.44,28,29,170
846,3,7.44,28,26.3,178.4
846,4,7.7,28,28.3,154.1
847,1,0.16,27,27.4,171.1
847,2,0.87,27,28.9,162.1
847,3,1.85,27,29.1,178.7
847,4,2.59,27,25.6,175.3
848,1,0.97,26,27.7,175.2
848,2,1.33,26,27.9,155.8
848,3,2.34,26,28.8,163.3
848,4,3.22,26,27.9,166.9
849,1,2.89,30,28.2,175.2
849,2,3.04,30,27.1,167.2
849,3,4.04,30,29.1,156.8
849,4,4.25,30,27.7,170.2
850,1,2.68,26,28.7,140.2
850,2,2.75,26,28.7,156.8
850,3,5.75,26,28.7,162.5
850,4,6.45,26,30.7,164
851,1,1.64,28,30.4,175.5
851,2,1.89,28,30.6,174
851,3,2.89,28,29.2,167.4
851,4,3.78,28,28.3,156.9
852,1,0.75,27,27.2,160.5
852,2,1.9,27,28,161
852,3,2.89,27,26.9,169
852,4,3.12,27,26.6,156.1
853,1,1.57,27,27.4,167.1
853,2,3.18,27,28,165.8
853,3,5.19,27,26.1,160.8
853,4,6.01,27,27.3,168.1
854,1,1.55,30,27.8,164.8
854,2,1.78,30,26.6,155
854,3,1.78,30,27,168
854,4,1.83,30,28.2,144.9
855,1,1.07,30,27.4,170.1
855,2,4.3,30,27.9,158.9
855,3,4.29,30,28,184.6
855,4,4.84,30,27.7,161.1
856,1,1.01,26,29.5,170.8
856,2,2.43,26,28.7,162.5
856,3,2.42,26,28.2,155.2
856,4,3.16,26,29.1,171.1
857,1,2.18,28,27.5,138.8
857,2,2.91,28,29.5,168.6
857,3,3.89,28,26.7,170
857,4,4.62,28,27.6,158
858,1,2.77,26,27.2,173.3
858,2,3.11,26,26.9,169.8
858,3,4.11,26,28.4,179.5
858,4,5.05,26,28.4,172.1
859,1,1.34,24,26.6,167.1
859,2,1.61,24,28.6,165.4
859,3,1.62,24,26.4,162.2
859,4,2.1,24,27.6,160.8
860,1,0.91,29,26.9,151.5
860,2,1.44,29,29,182.1
860,3,2.44,29,28.6,163.6
860,4,3.09,29,27.1,173
861,1,0.12,30,29.7,164.4
861,2,3.38,30,26.7,170.8
861,3,4.38,30,28.6,176
861,4,4.64,30,27.5,164.7
862,1,0.99,28,28.6,157.9
862,2,2.28,28,28.5,161.6
862,3,3.27,28,27.6,161.7
862,4,3.65,28,30.1,178.4
863,1,1.99,28,28,165.2
863,2,2.87,28,29.2,161.4
863,3,4.87,28,27.7,151.6
863,4,5.61,28,28.2,166.6
864,1,0.85,30,28.1,167.6
864,2,1.11,30,26.9,170.8
864,3,2.12,30,28.6,155
864,4,2.87,30,28,161.3
865,1,0.84,28,28.9,156.3
865,2,3.86,28,29.6,158.6
865,3,6.85,28,28.1,177.9
865,4,7.29,28,27.6,167.3
866,1,2.71,27,26.2,153.8
866,2,2.74,27,28.4,181.2
866,3,3.73,27,29.1,159.8
866,4,4.03,27,27.8,157.2
867,1,1.51,26,28.6,157.2
867,2,1.68,26,27.4,159.6
867,3,2.66,26,28.3,163.6
867,4,3.26,26,27.6,168
868,1,0.33,29,28.2,175.6
868,2,1.31,29,27.7,170.3
868,3,2.32,29,29.6,167
868,4,3.01,29,27.1,177.5
869,1,2.03,26,28,171.3
869,2,2.91,26,28.4,169.8
869,3,4.91,26,29,156.4
869,4,4.99,26,26.7,178.6
870,1,1.3,27,26.8,154.6
870,2,1.42,27,28.6,150.6
870,3,3.41,27,29.5,161.2
870,4,4.22,27,28.6,181.3
871,1,2.43,28,27.7,164.1
871,2,2.49,28,28.3,161.6
871,3,2.48,28,28.1,192.2
871,4,2.62,28,26.3,169.2
872,1,1.26,28,26.3,164.9
872,2,1.56,28,28,168.3
872,3,3.56,28,26.6,151.2
872,4,3.71,28,28.5,146.6
873,1,1.6,28,29.1,152.7
873,2,2.62,28,27.7,157
873,3,3.63,28,28.1,175.3
873,4,4.03,28,27.9,161.1
874,1,0.66,29,27.1,179.1
874,2,2.64,29,27.9,158.4
874,3,3.64,29,28.3,166.1
874,4,3.66,29,27.2,161.3
875,1,1.24,28,28.2,158.6
875,2,1.91,28,29,161.8
875,3,1.92,28,27.2,153.4
875,4,2.53,28,29.1,160.5
876,1,1.77,28,29.4,165.1
876,2,1.97,28,28,167.9
876,3,1.96,28,28.8,163.7
876,4,2.69,28,27.5,156.4
877,1,0.62,28,27.3,168.5
877,2,0.99,28,27,171.7
877,3,2.98,28,29.1,182.8
877,4,3.03,28,27.5,141.2
878,1,0.25,28,28.9,155.3
878,2,1.8,28,28.4,164
878,3,1.81,28,27.3,186.1
878,4,2.56,28,27.9,172.7
879,1,0.79,28,27.6,158
879,2,1.24,28,26.5,174.2
879,3,2.25,28,27.8,161.6
879,4,2.36,28,28.7,160.1
880,1,0.94,31,27.7,173.4
880,2,1.27,31,26.3,174.7
880,3,2.27,31,26,156.5
880,4,2.54,31,28.5,176.7
881,1,0.59,30,27.2,160.5
881,2,0.74,30,26.9,158.9
881,3,1.75,30,26.5,180.2
881,4,2.65,30,29.3,161.5
882,1,1.12,30,29.3,167.7
882,2,1.83,30,28.6,153.2
882,3,1.86,30,28.9,163.8
882,4,2.47,30,26,177.8
883,1,1.12,29,28.2,156.7
883,2,4.11,29,26.7,171.7
883,3,5.09,29,27.6,168.5
883,4,6.02,29,27.4,158.1
884,1,2.81,30,28.9,167.2
884,2,4,30,28.8,160.2
884,3,4,30,27.7,179.3
884,4,4.74,30,29,161.4
885,1,2.48,28,28.5,172.1
885,2,2.92,28,28.3,165.6
885,3,3.92,28,29.1,172.7
885,4,4.83,28,28.6,163.6
886,1,0.63,30,27.8,168.8
886,2,1.04,30,26.7,156.1
886,3,1.04,30,27.9,169.9
886,4,1.29,30,27.4,170.5
887,1,2.67,28,28.7,164.9
887,2,3.24,28,29.4,169.7
887,3,3.25,28,27.9,151.6
887,4,3.47,28,29.1,163.2
888,1,0.42,31,27.1,152.2
888,2,1.73,31,26.1,175.5
888,3,4.72,31,29,165.7
888,4,5.48,31,28.2,151.6
889,1,1.04,26,27.9,154.4
889,2,4.49,26,27.7,164.3
889,3,6.5,26,27.7,173.2
889,4,6.7,26,27.3,165.2
890,1,0.12,30,28.7,165.6
890,2,0.14,30,29,172.5
890,3,4.15,30,28.6,179
890,4,4.2,30,27.4,170.7
891,1,2.18,27,27.6,167.1
891,2,3.6,27,28.9,167.6
891,3,5.6,27,26.1,189.5
891,4,6.16,27,30.1,168.4
892,1,1.9,27,27.8,168.5
892,2,3.25,27,27.2,176.4
892,3,3.25,27,27.1,158.7
892,4,3.55,27,28.2,160.7
893,1,1.96,30,29.2,167
893,2,2.49,30,27.8,144.8
893,3,4.51,30,28.6,174.5
893,4,5.37,30,27.3,151.4
894,1,2.58,27,28.3,155.1
894,2,3.1,27,27.4,161.6
894,3,4.1,27,29.8,152.2
894,4,4.98,27,28.7,171.1
895,1,2.18,26,27.1,164.8
895,2,3.78,26,26,146.1
895,3,3.78,26,27.2,169.6
895,4,4.16,26,29.3,158.2
896,1,0.27,28,26.8,165
896,2,1.3,28,27.4,181.9
896,3,2.32,28,28.8,164.8
896,4,2.38,28,26.7,162.6
897,1,0.37,24,27.6,172.8
897,2,2.53,24,28.4,175.6
897,3,2.53,24,29.5,149.8
897,4,2.86,24,28,153.2
898,1,2.35,25,27,167.1
898,2,3.48,25,28.3,171.8
898,3,3.48,25,26,186
898,4,4.21,25,28.9,171.7
899,1,2.68,28,28.1,153.1
899,2,3.18,28,28,166.5
899,3,6.19,28,28.9,174.9
899,4,6.42,28,27.4,156.9
900,1,0.17,27,26.4,167.8
900,2,1.37,27,28.8,164.8
900,3,2.37,27,27.8,158.8
900,4,2.83,27,26,181.4
901,1,0.65,28,25.6,166.7
901,2,1.72,28,27.2,167.3
901,3,2.71,28,28.1,163.9
901,4,3.6,28,28.9,173.3
902,1,2.18,30,30.2,170.5
902,2,2.78,30,27,172
902,3,2.79,30,29,161.9
902,4,3.76,30,29.3,163.1
903,1,1.53,30,27.2,164.9
903,2,7.93,30,27.4,166.6
903,3,10.93,30,26.8,162.2
903,4,11.83,30,29.7,165.1
904,1,2.11,26,27.6,157.7
904,2,4.32,26,25.8,174
904,3,5.32,26,28.2,169.4
904,4,5.33,26,29.3,173.4
905,1,1.64,26,27.2,164.3
905,2,4.58,26,28.8,164.4
905,3,4.59,26,28.2,158.2
905,4,4.96,26,28.3,148.8
906,1,2.85,26,29.4,172.4
906,2,3.89,26,28.2,172.1
906,3,3.9,26,27.9,148.7
906,4,4.02,26,30.2,158.7
907,1,1.05,32,28.2,164.1
907,2,1.16,32,28.4,182.3
907,3,2.15,32,27.4,175.8
907,4,3.05,32,28.4,157.6
908,1,2.01,28,26.4,174.5
908,2,2.85,28,28.6,169.7
908,3,3.87,28,29.7,168.5
908,4,4.64,28,27.7,175.5
909,1,2.33,26,28.8,177.3
909,2,4.05,26,26.8,163.9
909,3,6.06,26,28.3,178.5
909,4,6.32,26,29.4,156.9
910,1,1.3,27,27.4,150.7
910,2,2.4,27,26.4,192.2
910,3,2.4,27,28.7,160.8
910,4,2.54,27,28.4,160
911,1,1.61,29,28.2,161.6
911,2,1.74,29,27.4,161.5
911,3,2.71,29,28.2,176.8
911,4,3.31,29,28.7,175.7
912,1,2.67,27,28.1,175.2
912,2,3.29,27,27.7,178.9
912,3,3.29,27,28.1,165.4
912,4,4.09,27,27.6,162.1
913,1,0.68,28,26.5,159.1
913,2,1.66,28,27,159.6
913,3,3.65,28,28.5,151.5
913,4,4.65,28,27.4,155.9
914,1,0.44,28,28.3,156.4
914,2,2.94,28,29.4,165.3
914,3,3.95,28,27.4,170.4
914,4,4.07,28,29.1,165.9
915,1,0.94,24,27.9,168.5
915,2,1.15,24,27.9,165.4
915,3,1.17,24,28.7,167.9
915,4,1.38,24,28.9,183.7
916,1,0.99,29,27,179.5
916,2,3.97,29,28.8,181.9
916,3,4.96,29,29.9,159.3
916,4,5.12,29,29.4,166.5
917,1,1.37,26,28.7,159.8
917,2,3.3,26,26.4,149
917,3,4.3,26,28.5,164.7
917,4,4.9,26,26.2,177.5
918,1,2.54,26,27.2,162.7
918,2,5.38,26,27.2,165.2
918,3,5.38,26,27.6,168.2
918,4,6.11,26,26.4,182.4
919,1,2.4,31,27.3,163.9
919,2,2.6,31,27.7,174
919,3,6.59,31,29.1,166.9
919,4,7.56,31,26.6,156
920,1,2.88,24,28.5,164.3
920,2,3.71,24,29.3,161.1
920,3,3.7,24,29.9,160.3
920,4,4.23,24,28.2,169.8
921,1,2.21,28,28,160.6
921,2,2.24,28,28.2,162.1
921,3,3.24,28,28.3,152.9
921,4,3.81,28,28.2,156.6
922,1,1.68,28,28.9,162.7
922,2,2,28,29.6,160.2
922,3,2,28,28.6,178.9
922,4,2.98,28,29,167
923,1,1.29,24,29.9,168.8
923,2,1.88,24,28.9,165.5
923,3,1.87,24,28.2,164.4
923,4,1.88,24,28.2,161.3
924,1,0.4,26,28.5,173
924,2,0.75,26,26.3,170.4
924,3,0.75,26,28.8,163.7
924,4,1.53,26,26.6,156.4
925,1,1.77,30,28.2,154.4
925,2,1.82,30,27.7,163.7
925,3,2.81,30,28.7,161.8
925,4,3.49,30,30.6,140.4
926,1,1.24,28,28,176.4
926,2,1.62,28,26.7,166.1
926,3,3.61,28,28.6,164.7
926,4,4.55,28,28.9,161
927,1,0.63,28,28.6,179.1
927,2,2.51,28,29.4,160.8
927,3,3.5,28,28.4,152.8
927,4,4.12,28,27.8,174.8
928,1,2.2,29,28.3,154.8
928,2,2.68,29,27.4,170.9
928,3,3.67,29,28.5,165.1
928,4,4,29,29.2,155.2
929,1,2.81,24,27.1,151
929,2,3.09,24,27.7,163
929,3,3.09,24,28.5,166
929,4,3.87,24,29.8,164
930,1,2.94,26,27.7,167.1
930,2,3.45,26,29.5,153.5
930,3,5.44,26,27,178.2
930,4,6.21,26,28.3,165.1
931,1,2.14,26,27.5,148.6
931,2,2.88,26,30,167.1
931,3,3.89,26,27.3,153.9
931,4,3.9,26,28.6,164.4
932,1,2.38,28,26.9,178.7
932,2,2.5,28,26.2,154.5
932,3,3.52,28,29.6,178.4
932,4,4.1,28,26.9,168.4
933,1,1.34,28,27.2,156.8
933,2,2.18,28,30.8,173.2
933,3,4.2,28,28.7,161.1
933,4,5.05,28,26.8,161.1
934,1,1.34,28,27.2,153.3
934,2,1.51,28,27.1,163.4
934,3,4.52,28,29.2,163
934,4,4.72,28,27.8,175.6
935,1,1.23,25,29,159.6
935,2,1.69,25,26.1,165.9
935,3,3.7,25,29.1,155.7
935,4,4.47,25,27.8,162.9
936,1,1.79,25,27.6,170.9
936,2,4,25,26.9,165.9
936,3,5,25,25.8,175.6
936,4,5.94,25,26.3,176.8
937,1,2.11,25,28.7,164
937,2,2.78,25,26.9,181.2
937,3,6.78,25,28.4,162.2
937,4,7.12,25,28,182
938,1,2.74,29,27.8,181.1
938,2,4.98,29,27.4,152
938,3,7.97,29,27.7,160.5
938,4,8.78,29,27.5,160.5
